symbols,Symbols.1,Name,Exchange,Category_Name1,Country,Category_Name2,Sector,Market_Cap
AMH$H,AMH$H,,,,,,,
RBOT.W,RBOT.W,,,,,,,
WSO.B,WSO.B,,,,,,,
TPGY.U,TPGY.U,,,,,,,
LOCC.W,LOCC.W,,,,,,,
HT$C,HT$C,,,,,,,
CVE.W,CVE.W,,,,,,,
KLBN11,KLBN11,,,,,,,
SBSP3,SBSP3,,,,,,,
OUST.W,OUST.W,,,,,,,
BC$A,BC$A,,,,,,,
ZXYZ.A,ZXYZ.A,,,,,,,
AAM$A,AAM$A,,,,,,,
RRAC.U,RRAC.U,,,,,,,
STAR$G,STAR$G,,,,,,,
FHN$E,FHN$E,,,,,,,
WEL.U,WEL.U,,,,,,,
MIR.W,MIR.W,,,,,,,
AHL$C,AHL$C,,,,,,,
HWKZ.U,HWKZ.U,,,,,,,
QUAL3,QUAL3,,,,,,,
OPAD.W,OPAD.W,,,,,,,
CCVI.W,CCVI.W,,,,,,,
BMTX.W,BMTX.W,,,,,,,
IBO,IBO,IBO (Listing Market - NYSE Amex,ASE,,USA,,,
BAC$K,BAC$K,,,,,,,
ENOG,ENOG,,,,,,,
USB$S,USB$S,,,,,,,
WPCA.W,WPCA.W,,,,,,,
PIAI.W,PIAI.W,,,,,,,
ZGN.W,ZGN.W,,,,,,,
RHE$A,RHE$A,,,,,,,
SUAC.U,SUAC.U,,,,,,,
MH$C,MH$C,,,,,,,
EPR$G,EPR$G,,,,,,,
BTOW3,BTOW3,,,,,,,
GS$K,GS$K,,,,,,,
BEEF3,BEEF3,,,,,,,
MOG.B,MOG.B,,,,,,,
BMAC.W,BMAC.W,,,,,,,
CNO$A,CNO$A,,,,,,,
SCE$K,SCE$K,,,,,,,
PSA$M,PSA$M,,,,,,,
RF$B,RF$B,,,,,,,
RENT3,RENT3,,,,,,,
IMPX.W,IMPX.W,,,,,,,
PSB$Z,PSB$Z,,,,,,,
USB$R,USB$R,,,,,,,
EPR$C,EPR$C,,,,,,,
LHC.U,LHC.U,,,,,,,
ETWO.W,ETWO.W,,,,,,,
IPVF.U,IPVF.U,,,,,,,
NRZ$D,NRZ$D,,,,,,,
ICR$A,ICR$A,,,,,,,
CLAA.U,CLAA.U,,,,,,,
BRKM5,BRKM5,,,,,,,
SCHW$D,SCHW$D,,,,,,,
BC$C,BC$C,,,,,,,
GLOP$A,GLOP$A,,,,,,,
COGN3,COGN3,,,,,,,
SLG$I,SLG$I,,,,,,,
PRIF$J,PRIF$J,,,,,,,
MBSC.W,MBSC.W,,,,,,,
CTEST,CTEST,,,,,,,
NSTB.U,NSTB.U,,,,,,,
BRD.U,BRD.U,,,,,,,
WFC$L,WFC$L,,,,,,,
SF$C,SF$C,,,,,,,
HTAQ.U,HTAQ.U,,,,,,,
MET$A,MET$A,,,,,,,
ASZ.U,ASZ.U,,,,,,,
CLDN,CLDN,Celladon Corporation,NGM,,USA,,,
ARGO$A,ARGO$A,,,,,,,
GROV.W,GROV.W,,,,,,,
PICC.U,PICC.U,,,,,,,
PEI$B,PEI$B,,,,,,,
POND.U,POND.U,,,,,,,
QFTA.U,QFTA.U,,,,,,,
PCPC.W,PCPC.W,,,,,,,
TRTN$E,TRTN$E,,,,,,,
BOAC.U,BOAC.U,,,,,,,
GSQB.W,GSQB.W,,,,,,,
LOKM.W,LOKM.W,,,,,,,
GLOG$A,GLOG$A,,,,,,,
NUVB.W,NUVB.W,,,,,,,
CTEST.L,CTEST.L,,,,,,,
NLY$I,NLY$I,,,,,,,
GSQD.W,GSQD.W,,,,,,,
GSL$B,GSL$B,,,,,,,
AGM$C,AGM$C,,,,,,,
CSTA.U,CSTA.U,,,,,,,
STET.W,STET.W,,,,,,,
AFTR.W,AFTR.W,,,,,,,
PRIF$D,PRIF$D,,,,,,,
NTEST.B,NTEST.B,,,,,,,
PRE$J,PRE$J,,,,,,,
RAIL3,RAIL3,,,,,,,
CPUH.U,CPUH.U,,,,,,,
MNTN.W,MNTN.W,,,,,,,
BF.A,BF.A,,,,,,,
HIGA.W,HIGA.W,,,,,,,
AGM$D,AGM$D,,,,,,,
PHYT.U,PHYT.U,,,,,,,
PCG$I,PCG$I,,,,,,,
CLAS.W,CLAS.W,,,,,,,
BGFD,BGFD,,,,,,,
DBRG$J,DBRG$J,,,,,,,
LCW.W,LCW.W,,,,,,,
NYCB$U,NYCB$U,,,,,,,
PRPB.U,PRPB.U,,,,,,,
LCW.U,LCW.U,,,,,,,
KAHC.U,KAHC.U,,,,,,,
NGL$C,NGL$C,,,,,,,
MTL$,MTL$,,,,,,,
XPOA.W,XPOA.W,,,,,,,
FHN$B,FHN$B,,,,,,,
VHAQ.R,VHAQ.R,,,,,,,
GS$C,GS$C,,,,,,,
PSA$G,PSA$G,,,,,,,
SBII.U,SBII.U,,,,,,,
EVE.U,EVE.U,,,,,,,
AAM$B,AAM$B,,,,,,,
BBDC4,BBDC4,,,,,,,
STAR$I,STAR$I,,,,,,,
MNKS,MNKS,,,,,,,
ESM.U,ESM.U,,,,,,,
GFX.W,GFX.W,,,,,,,
NFYS.U,NFYS.U,,,,,,,
APN.W,APN.W,,,,,,,
OAK$A,OAK$A,,,,,,,
BFS$D,BFS$D,,,,,,,
GFOR.U,GFOR.U,,,,,,,
SPE$C,SPE$C,,,,,,,
CFG$E,CFG$E,,,,,,,
OSI.U,OSI.U,,,,,,,
JUN.U,JUN.U,,,,,,,
WNNR.W,WNNR.W,,,,,,,
GENI.W,GENI.W,,,,,,,
MGNS,MGNS,,,,,,,
JBSS3,JBSS3,,,,,,,
BRG$D,BRG$D,,,,,,,
FRC$N,FRC$N,,,,,,,
NFYS.W,NFYS.W,,,,,,,
ALL$B,ALL$B,,,,,,,
PCG$E,PCG$E,,,,,,,
TDW.A,TDW.A,,,,,,,
PL.W,PL.W,,,,,,,
INAQ.U,INAQ.U,,,,,,,
ACDI.U,ACDI.U,,,,,,,
PMVC.U,PMVC.U,,,,,,,
STAR$D,STAR$D,,,,,,,
AMPS.W,AMPS.W,,,,,,,
PHGE.U,PHGE.U,,,,,,,
ATEK.U,ATEK.U,,,,,,,
DTLA$,DTLA$,,,,,,,
AXH.U,AXH.U,,,,,,,
YCBD$A,YCBD$A,,,,,,,
SKYH.W,SKYH.W,,,,,,,
SF$D,SF$D,,,,,,,
OPFI.W,OPFI.W,,,,,,,
NSTC.W,NSTC.W,,,,,,,
IPOD.U,IPOD.U,,,,,,,
AHL$D,AHL$D,,,,,,,
DWIN.U,DWIN.U,,,,,,,
PRIF$G,PRIF$G,,,,,,,
DMS.W,DMS.W,,,,,,,
NSTB.W,NSTB.W,,,,,,,
GGT$G,GGT$G,,,,,,,
FRC$L,FRC$L,,,,,,,
CIM$D,CIM$D,,,,,,,
VHAQ.U,VHAQ.U,,,,,,,
TMPL,TMPL,,,,,,,
BAC$Q,BAC$Q,,,,,,,
VAL.W,VAL.W,,,,,,,
ETI$,ETI$,,,,,,,
INN$E,INN$E,,,,,,,
RADL3,RADL3,,,,,,,
VLN.W,VLN.W,,,,,,,
KORE.W,KORE.W,,,,,,,
CIM$B,CIM$B,,,,,,,
JLEN,JLEN,,,,,,,
ET$E,ET$E,,,,,,,
GAPA.W,GAPA.W,,,,,,,
MITT$A,MITT$A,,,,,,,
BML$J,BML$J,,,,,,,
TGR.U,TGR.U,,,,,,,
PCPC.U,PCPC.U,,,,,,,
JPM$L,JPM$L,,,,,,,
BRK.B,BRK.B,,,,,,,
SCE$J,SCE$J,,,,,,,
NM$H,NM$H,,,,,,,
MET$F,MET$F,,,,,,,
PIPP.W,PIPP.W,,,,,,,
VALE3,VALE3,,,,,,,
ATAQ.U,ATAQ.U,,,,,,,
HLGN.W,HLGN.W,,,,,,,
USB$A,USB$A,,,,,,,
EVTL.W,EVTL.W,,,,,,,
MBAC.U,MBAC.U,,,,,,,
ADEX.W,ADEX.W,,,,,,,
ROSS.U,ROSS.U,,,,,,,
HGTX3,HGTX3,,,,,,,
DBRG$H,DBRG$H,,,,,,,
JEDT,JEDT,,,,,,,
AHT$F,AHT$F,,,,,,,
BGSX.U,BGSX.U,,,,,,,
DCP$C,DCP$C,,,,,,,
AMPI.W,AMPI.W,,,,,,,
TY$,TY$,,,,,,,
ADRT.W,ADRT.W,,,,,,,
NS$A,NS$A,,,,,,,
BHR$B,BHR$B,,,,,,,
FCSS,FCSS,,,,,,,
GAPA.U,GAPA.U,,,,,,,
GAQ.U,GAQ.U,,,,,,,
LFT$A,LFT$A,,,,,,,
TINV.U,TINV.U,,,,,,,
MNTN.U,MNTN.U,,,,,,,
CBO,CBO,CBO (Listing Market - NYSE - Ne,NYQ,,USA,,,
SBIN,SBIN,,,,,,,
INPP,INPP,,,,,,,
MACC.W,MACC.W,,,,,,,
WARR.W,WARR.W,,,,,,,
MTB$H,MTB$H,,,,,,,
JGGCR,JGGCR,,,,,,,
ATEK.W,ATEK.W,,,,,,,
RKLY.W,RKLY.W,,,,,,,
APCA.W,APCA.W,,,,,,,
AAIC$B,AAIC$B,,,,,,,
PETR3,PETR3,,,,,,,
OPP$B,OPP$B,,,,,,,
IVR$B,IVR$B,,,,,,,
FST.W,FST.W,,,,,,,
MIMO.B,MIMO.B,,,,,,,
NI$B,NI$B,,,,,,,
PIPP.U,PIPP.U,,,,,,,
IVR$C,IVR$C,,,,,,,
VVAR3,VVAR3,,,,,,,
GROY.W,GROY.W,,,,,,,
LREN3,LREN3,,,,,,,
LGF.A,LGF.A,,,,,,,
BBAS3,BBAS3,,,,,,,
KIM$L,KIM$L,,,,,,,
AMPI.U,AMPI.U,,,,,,,
PSA$R,PSA$R,,,,,,,
PSB$Y,PSB$Y,,,,,,,
NFNT.W,NFNT.W,,,,,,,
BEP$A,BEP$A,,,,,,,
CTY,CTY,Qwest Corp.,NYQ,,USA,,,
PRIF$H,PRIF$H,,,,,,,
SHAP.W,SHAP.W,,,,,,,
BLUA.W,BLUA.W,,,,,,,
LOCC.U,LOCC.U,,,,,,,
ESM.W,ESM.W,,,,,,,
CTEST.O,CTEST.O,,,,,,,
BKKT.W,BKKT.W,,,,,,,
DS$C,DS$C,,,,,,,
TWO$A,TWO$A,,,,,,,
KCA.U,KCA.U,,,,,,,
LAME4,LAME4,,,,,,,
EMBR3,EMBR3,,,,,,,
CCVI.U,CCVI.U,,,,,,,
ICNC.W,ICNC.W,,,,,,,
GNL$A,GNL$A,,,,,,,
CRU.U,CRU.U,,,,,,,
APN.U,APN.U,,,,,,,
KWAC.W,KWAC.W,,,,,,,
BRMK.W,BRMK.W,,,,,,,
NM$G,NM$G,,,,,,,
SNV$D,SNV$D,,,,,,,
HTPA.W,HTPA.W,,,,,,,
SRC$A,SRC$A,,,,,,,
GFOR.W,GFOR.W,,,,,,,
UBP$K,UBP$K,,,,,,,
IRRX.W,IRRX.W,,,,,,,
EHAB.V,EHAB.V,,,,,,,
RCP,RCP,,,,,,,
NETC.U,NETC.U,,,,,,,
PICC.W,PICC.W,,,,,,,
CHRY,CHRY,,,,,,,
RC$C,RC$C,,,,,,,
ATCO$D,ATCO$D,,,,,,,
MS$E,MS$E,,,,,,,
ACHR.W,ACHR.W,,,,,,,
PSA$S,PSA$S,,,,,,,
CORR$A,CORR$A,,,,,,,
BRWM,BRWM,,,,,,,
AAC.W,AAC.W,,,,,,,
BML$L,BML$L,,,,,,,
EP$C,EP$C,,,,,,,
AAQC.U,AAQC.U,,,,,,,
NCV$A,NCV$A,,,,,,,
IFIN.W,IFIN.W,,,,,,,
EQHA.W,EQHA.W,,,,,,,
RC$E,RC$E,,,,,,,
MOG.A,MOG.A,,,,,,,
PGSS.U,PGSS.U,,,,,,,
JPM$D,JPM$D,,,,,,,
GL$D,GL$D,,,,,,,
GLTA.W,GLTA.W,,,,,,,
PSA$J,PSA$J,,,,,,,
GAM$B,GAM$B,,,,,,,
TGR.W,TGR.W,,,,,,,
DNA.W,DNA.W,,,,,,,
ET$D,ET$D,,,,,,,
GLOP$C,GLOP$C,,,,,,,
CMCX,CMCX,,,,,,,
ALTG$A,ALTG$A,,,,,,,
PRPB.W,PRPB.W,,,,,,,
GOLL4,GOLL4,,,,,,,
TSPQ.U,TSPQ.U,,,,,,,
CANO.W,CANO.W,,,,,,,
BAC$B,BAC$B,,,,,,,
VNO$M,VNO$M,,,,,,,
KAHC.W,KAHC.W,,,,,,,
WFC$Q,WFC$Q,,,,,,,
AMBC.W,AMBC.W,,,,,,,
ABR$F,ABR$F,,,,,,,
FSNB.U,FSNB.U,,,,,,,
CLBR.U,CLBR.U,,,,,,,
SONG,SONG,,,,,,,
ATEST.A,ATEST.A,,,,,,,
WBS$F,WBS$F,,,,,,,
ATA.U,ATA.U,,,,,,,
USB$Q,USB$Q,,,,,,,
OXY.W,OXY.W,,,,,,,
PCG$B,PCG$B,,,,,,,
DS$B,DS$B,,,,,,,
TDS$V,TDS$V,,,,,,,
FVIV.U,FVIV.U,,,,,,,
EGIE3,EGIE3,,,,,,,
OAK$B,OAK$B,,,,,,,
VOYA$B,VOYA$B,,,,,,,
MS$O,MS$O,,,,,,,
WWH,WWH,,,,,,,
SPGS.W,SPGS.W,,,,,,,
AKO.A,AKO.A,,,,,,,
CHMI$B,CHMI$B,,,,,,,
FSNB.W,FSNB.W,,,,,,,
APEO,APEO,,,,,,,
SMR.W,SMR.W,,,,,,,
MH$D,MH$D,,,,,,,
RBAC.W,RBAC.W,,,,,,,
ZBZX,ZBZX,BATS BZX Exchange test issue,ASE,,USA,,,
BFLY.W,BFLY.W,,,,,,,
TAP.A,TAP.A,,,,,,,
SSU.W,SSU.W,,,,,,,
KCAC.W,KCAC.W,,,,,,,
ENGI11,ENGI11,,,,,,,
WCC$A,WCC$A,,,,,,,
BW$A,BW$A,,,,,,,
FPAC.U,FPAC.U,,,,,,,
CND.U,CND.U,,,,,,,
BIP$A,BIP$A,,,,,,,
CIG.C,CIG.C,,,,,,,
LXP$C,LXP$C,,,,,,,
CTO$A,CTO$A,,,,,,,
FZT.U,FZT.U,,,,,,,
CCV.W,CCV.W,,,,,,,
EQC$D,EQC$D,,,,,,,
VNO$N,VNO$N,,,,,,,
GFX.U,GFX.U,,,,,,,
WPCB.U,WPCB.U,,,,,,,
PCG$D,PCG$D,,,,,,,
CCRO3,CCRO3,,,,,,,
FRXB.W,FRXB.W,,,,,,,
CORS.W,CORS.W,,,,,,,
ARR$C,ARR$C,,,,,,,
SLAC.U,SLAC.U,,,,,,,
F$C,F$C,,,,,,,
SEDA.W,SEDA.W,,,,,,,
ASB$F,ASB$F,,,,,,,
BHR$D,BHR$D,,,,,,,
MIMO.C,MIMO.C,,,,,,,
BANKBARODA,BANKBARODA,,,,,,,
WRB$F,WRB$F,,,,,,,
GNE$A,GNE$A,,,,,,,
LGV.U,LGV.U,,,,,,,
ENPC.U,ENPC.U,,,,,,,
CMS$B,CMS$B,,,,,,,
PMT$C,PMT$C,,,,,,,
MET$E,MET$E,,,,,,,
DHR$B,DHR$B,,,,,,,
BYIT,BYIT,,,,,,,
ACRO.W,ACRO.W,,,,,,,
CFR$B,CFR$B,,,,,,,
ALIN$B,ALIN$B,,,,,,,
NS$C,NS$C,,,,,,,
MGAM,MGAM,,,,,,,
BAC$S,BAC$S,,,,,,,
DLR$J,DLR$J,,,,,,,
VYGG.U,VYGG.U,,,,,,,
ALL$G,ALL$G,,,,,,,
C$N,C$N,,,,,,,
T$A,T$A,,,,,,,
POND.W,POND.W,,,,,,,
CODI$C,CODI$C,,,,,,,
PHLL,PHLL,,,,,,,
TGH$B,TGH$B,,,,,,,
BAC$P,BAC$P,,,,,,,
GIA.U,GIA.U,,,,,,,
RONI.W,RONI.W,,,,,,,
HIG$G,HIG$G,,,,,,,
COF$J,COF$J,,,,,,,
JATT.W,JATT.W,,,,,,,
BML$G,BML$G,,,,,,,
BHMG,BHMG,,,,,,,
F$B,F$B,,,,,,,
GLS.W,GLS.W,,,,,,,
TFC$R,TFC$R,,,,,,,
WRAC.U,WRAC.U,,,,,,,
RPT$D,RPT$D,,,,,,,
WFC$D,WFC$D,,,,,,,
PBI$B,PBI$B,,,,,,,
SMWH,SMWH,,,,,,,
TIMP3,TIMP3,,,,,,,
KWAC.U,KWAC.U,,,,,,,
SSPG,SSPG,,,,,,,
CBG,CBG,"CBRE Group, Inc.",NYQ,Property Management,USA,,,
CPTK.W,CPTK.W,,,,,,,
SPGS.U,SPGS.U,,,,,,,
ATA.W,ATA.W,,,,,,,
PHGE.W,PHGE.W,,,,,,,
IRRX.U,IRRX.U,,,,,,,
MTVC.U,MTVC.U,,,,,,,
SNV$E,SNV$E,,,,,,,
APGB.W,APGB.W,,,,,,,
DBRG$I,DBRG$I,,,,,,,
REDD,REDD,,,,,,,
RF$E,RF$E,,,,,,,
WPCB.W,WPCB.W,,,,,,,
ICICIBANK,ICICIBANK,,,,,,,
OPP$A,OPP$A,,,,,,,
IPOF.W,IPOF.W,,,,,,,
IIPR$A,IIPR$A,,,,,,,
CVCB3,CVCB3,,,,,,,
PSA$P,PSA$P,,,,,,,
NETC.W,NETC.W,,,,,,,
IPOD.W,IPOD.W,,,,,,,
FLRY3,FLRY3,,,,,,,
FTEV.U,FTEV.U,,,,,,,
SEDA.U,SEDA.U,,,,,,,
PMVC.W,PMVC.W,,,,,,,
TMAC.U,TMAC.U,,,,,,,
WBS$G,WBS$G,,,,,,,
ZEXIT,ZEXIT,,,,,,,
PORT.U,PORT.U,,,,,,,
AAC.U,AAC.U,,,,,,,
PEB$F,PEB$F,,,,,,,
MACC.U,MACC.U,,,,,,,
WG,WG,"Willbros Group, Inc.",NYQ,Oil & Gas Equipment & Services,USA,,,
FEDERALBNK,FEDERALBNK,,,,,,,
SCUA.W,SCUA.W,,,,,,,
C$J,C$J,,,,,,,
FRGE.W,FRGE.W,,,,,,,
BRFS3,BRFS3,,,,,,,
EQD.W,EQD.W,,,,,,,
OXIG,OXIG,,,,,,,
GLOP$B,GLOP$B,,,,,,,
BCV$A,BCV$A,,,,,,,
TDW.W,TDW.W,,,,,,,
PSA$I,PSA$I,,,,,,,
HT$D,HT$D,,,,,,,
CHMI$A,CHMI$A,,,,,,,
GAB$K,GAB$K,,,,,,,
ZXIET,ZXIET,,,,,,,
EPR$E,EPR$E,,,,,,,
TIFS,TIFS,,,,,,,
NEE$Q,NEE$Q,,,,,,,
WEL.W,WEL.W,,,,,,,
FGP,FGP,"Ferrellgas Partners, L.P.",NYQ,Oil & Gas Refining & Marketing,USA,,,
CMS$C,CMS$C,,,,,,,
GDL$C,GDL$C,,,,,,,
PSA$Q,PSA$Q,,,,,,,
GGT$E,GGT$E,,,,,,,
AXAC.W,AXAC.W,,,,,,,
ADEX.U,ADEX.U,,,,,,,
SSON,SSON,,,,,,,
UWMC.W,UWMC.W,,,,,,,
GNDI3,GNDI3,,,,,,,
FZT.W,FZT.W,,,,,,,
TLGA.U,TLGA.U,,,,,,,
RNR$F,RNR$F,,,,,,,
AXS$E,AXS$E,,,,,,,
EFC$B,EFC$B,,,,,,,
CNDA.W,CNDA.W,,,,,,,
AP.W,AP.W,,,,,,,
AMH$G,AMH$G,,,,,,,
FREY.W,FREY.W,,,,,,,
FRC$K,FRC$K,,,,,,,
RICA,RICA,,,,,,,
GOAC.U,GOAC.U,,,,,,,
EPWR.U,EPWR.U,,,,,,,
TPGY.W,TPGY.W,,,,,,,
IBER.W,IBER.W,,,,,,,
WRAC.W,WRAC.W,,,,,,,
CVII.U,CVII.U,,,,,,,
SCE$G,SCE$G,,,,,,,
GFTU,GFTU,,,,,,,
TSPQ.W,TSPQ.W,,,,,,,
DSAQ.W,DSAQ.W,,,,,,,
UGPA3,UGPA3,,,,,,,
AAQC.W,AAQC.W,,,,,,,
SEAL$A,SEAL$A,,,,,,,
PSFE.W,PSFE.W,,,,,,,
TRTN$C,TRTN$C,,,,,,,
GNC,GNC,"GNC Holdings, Inc.",NYQ,Drug Stores,USA,,,
UKCM,UKCM,,,,,,,
CRHC.W,CRHC.W,,,,,,,
SACH$A,SACH$A,,,,,,,
EGGF.U,EGGF.U,,,,,,,
CLIM.W,CLIM.W,,,,,,,
FCAX.U,FCAX.U,,,,,,,
CCV.U,CCV.U,,,,,,,
PEB$H,PEB$H,,,,,,,
TRTL.U,TRTL.U,,,,,,,
BIP$B,BIP$B,,,,,,,
GWH.W,GWH.W,,,,,,,
HNRA.W,HNRA.W,,,,,,,
HEI.A,HEI.A,,,,,,,
FHN$F,FHN$F,,,,,,,
TCOA.U,TCOA.U,,,,,,,
BOH$A,BOH$A,,,,,,,
CDR$C,CDR$C,,,,,,,
RKTA.U,RKTA.U,,,,,,,
C$K,C$K,,,,,,,
GLTA.U,GLTA.U,,,,,,,
CNDB.W,CNDB.W,,,,,,,
RKTA.W,RKTA.W,,,,,,,
CFG$D,CFG$D,,,,,,,
ZBZZT,ZBZZT,,,,,,,
BPAC11,BPAC11,,,,,,,
TRCA.U,TRCA.U,,,,,,,
ASB$E,ASB$E,,,,,,,
BRDS.W,BRDS.W,,,,,,,
FNB$E,FNB$E,,,,,,,
FRC$I,FRC$I,,,,,,,
CSNA3,CSNA3,,,,,,,
JMAT,JMAT,,,,,,,
OSB,OSB,Norbord Inc.,NYQ,,USA,,,
TWO$C,TWO$C,,,,,,,
888,888,,,,,,,
ATAQ.W,ATAQ.W,,,,,,,
AL$A,AL$A,,,,,,,
FTEV.W,FTEV.W,,,,,,,
MITT$C,MITT$C,,,,,,,
PRIF$I,PRIF$I,,,,,,,
VOF,VOF,,,,,,,
DLR$K,DLR$K,,,,,,,
PACI.U,PACI.U,,,,,,,
MTVC.W,MTVC.W,,,,,,,
OWL.W,OWL.W,,,,,,,
CIO$A,CIO$A,,,,,,,
NBPE,NBPE,,,,,,,
TFC$O,TFC$O,,,,,,,
MDH.W,MDH.W,,,,,,,
TRAQ.W,TRAQ.W,,,,,,,
VST.A,VST.A,,,,,,,
BRSC,BRSC,,,,,,,
PBR.A,PBR.A,,,,,,,
JUN.W,JUN.W,,,,,,,
MER$K,MER$K,,,,,,,
CHG,CHG,,,,,,,
TINV.W,TINV.W,,,,,,,
IMPX.U,IMPX.U,,,,,,,
XPOA.U,XPOA.U,,,,,,,
DX$C,DX$C,,,,,,,
NTEST.C,NTEST.C,,,,,,,
PEB$E,PEB$E,,,,,,,
TDS$U,TDS$U,,,,,,,
PEI$C,PEI$C,,,,,,,
PRPC.W,PRPC.W,,,,,,,
GOAU4,GOAU4,,,,,,,
ATCO$I,ATCO$I,,,,,,,
HIPO.W,HIPO.W,,,,,,,
LGV.W,LGV.W,,,,,,,
NYCB$A,NYCB$A,,,,,,,
CNDA.U,CNDA.U,,,,,,,
VHAQ.W,VHAQ.W,,,,,,,
CMRE$E,CMRE$E,,,,,,,
GAQ.W,GAQ.W,,,,,,,
ACRO.U,ACRO.U,,,,,,,
PCG$C,PCG$C,,,,,,,
DLR$L,DLR$L,,,,,,,
AGM$F,AGM$F,,,,,,,
MONY,MONY,,,,,,,
SBII.W,SBII.W,,,,,,,
STET.U,STET.U,,,,,,,
WFC$Z,WFC$Z,,,,,,,
BIFF,BIFF,,,,,,,
HMA.U,HMA.U,,,,,,,
BSAQ.W,BSAQ.W,,,,,,,
TFC$I,TFC$I,,,,,,,
FVT.U,FVT.U,,,,,,,
CTEST.S,CTEST.S,,,,,,,
BBSE3,BBSE3,,,,,,,
ALIN$A,ALIN$A,,,,,,,
PORT.W,PORT.W,,,,,,,
JPM$M,JPM$M,,,,,,,
BC$B,BC$B,,,,,,,
RBLBANK,RBLBANK,,,,,,,
IPVA.W,IPVA.W,,,,,,,
CNDB.U,CNDB.U,,,,,,,
ACP$A,ACP$A,,,,,,,
DMYS.U,DMYS.U,,,,,,,
WQGA.W,WQGA.W,,,,,,,
HGTY.W,HGTY.W,,,,,,,
DUK$A,DUK$A,,,,,,,
GS$J,GS$J,,,,,,,
BRDT3,BRDT3,,,,,,,
EBOX,EBOX,,,,,,,
FRXB.U,FRXB.U,,,,,,,
CURY,CURY,,,,,,,
AHT$D,AHT$D,,,,,,,
PEI$D,PEI$D,,,,,,,
ACDI.W,ACDI.W,,,,,,,
MGLU3,MGLU3,,,,,,,
USIM5,USIM5,,,,,,,
BKSY.W,BKSY.W,,,,,,,
CRU.W,CRU.W,,,,,,,
USB$H,USB$H,,,,,,,
CHAA.W,CHAA.W,,,,,,,
RCFA.U,RCFA.U,,,,,,,
OSI.W,OSI.W,,,,,,,
WPCA.U,WPCA.U,,,,,,,
HUGS.W,HUGS.W,,,,,,,
PSTH.W,PSTH.W,,,,,,,
CLBR.W,CLBR.W,,,,,,,
DRH$A,DRH$A,,,,,,,
MDV$A,MDV$A,,,,,,,
MITT$B,MITT$B,,,,,,,
KEY$J,KEY$J,,,,,,,
RF$C,RF$C,,,,,,,
KLR.W,KLR.W,,,,,,,
AGM.A,AGM.A,,,,,,,
BSAQ.U,BSAQ.U,,,,,,,
MKC.V,MKC.V,,,,,,,
TWND.W,TWND.W,,,,,,,
BFAC.W,BFAC.W,,,,,,,
UMH$C,UMH$C,,,,,,,
EOCW.U,EOCW.U,,,,,,,
IEM,IEM,,,,,,,
ADC$A,ADC$A,,,,,,,
HTWS,HTWS,,,,,,,
ANAC.W,ANAC.W,,,,,,,
COF$K,COF$K,,,,,,,
AXISBANK,AXISBANK,,,,,,,
BYN.U,BYN.U,,,,,,,
HPP$C,HPP$C,,,,,,,
INVP,INVP,,,,,,,
ACII.U,ACII.U,,,,,,,
HZON.W,HZON.W,,,,,,,
GOGN.W,GOGN.W,,,,,,,
AGAC.U,AGAC.U,,,,,,,
HWKZ.W,HWKZ.W,,,,,,,
CMRE$B,CMRE$B,,,,,,,
TRIS.U,TRIS.U,,,,,,,
TRTL.W,TRTL.W,,,,,,,
STRE.W,STRE.W,,,,,,,
VCXB.W,VCXB.W,,,,,,,
PNC$P,PNC$P,,,,,,,
JWSM.U,JWSM.U,,,,,,,
NSTD.W,NSTD.W,,,,,,,
ABR$D,ABR$D,,,,,,,
CELG.R,CELG.R,,,,,,,
TMAC.W,TMAC.W,,,,,,,
QFTA.W,QFTA.W,,,,,,,
ADRA.W,ADRA.W,,,,,,,
BACA.W,BACA.W,,,,,,,
GGN$B,GGN$B,,,,,,,
SHPW.W,SHPW.W,,,,,,,
NGC.W,NGC.W,,,,,,,
CRFB3,CRFB3,,,,,,,
JWSM.W,JWSM.W,,,,,,,
PV.U,PV.U,,,,,,,
NRZ$C,NRZ$C,,,,,,,
CLAA.W,CLAA.W,,,,,,,
ATH$A,ATH$A,,,,,,,
ATST,ATST,,,,,,,
NCZ$A,NCZ$A,,,,,,,
TAEE11,TAEE11,,,,,,,
ASCL,ASCL,,,,,,,
NTEST.A,NTEST.A,,,,,,,
CZOO.W,CZOO.W,,,,,,,
KIM$M,KIM$M,,,,,,,
NRZ$A,NRZ$A,,,,,,,
NGC.U,NGC.U,,,,,,,
BOAS.U,BOAS.U,,,,,,,
NXDT$A,NXDT$A,,,,,,,
CIM$C,CIM$C,,,,,,,
LOCL.W,LOCL.W,,,,,,,
CHAA.U,CHAA.U,,,,,,,
GLU$B,GLU$B,,,,,,,
HPX.U,HPX.U,,,,,,,
AZUL4,AZUL4,,,,,,,
HHLA.W,HHLA.W,,,,,,,
SRG$A,SRG$A,,,,,,,
ATIP.W,ATIP.W,,,,,,,
TWO$B,TWO$B,,,,,,,
PMT$A,PMT$A,,,,,,,
LEAP.U,LEAP.U,,,,,,,
ACAQ.U,ACAQ.U,,,,,,,
MKFG.W,MKFG.W,,,,,,,
MFA$B,MFA$B,,,,,,,
RJF$B,RJF$B,,,,,,,
APCA.U,APCA.U,,,,,,,
HMLP$A,HMLP$A,,,,,,,
WFC$C,WFC$C,,,,,,,
T$C,T$C,,,,,,,
GPMT$A,GPMT$A,,,,,,,
ATEST,ATEST,,,,,,,
SPLP$A,SPLP$A,,,,,,,
WRB$H,WRB$H,,,,,,,
DARK,DARK,,,,,,,
CBX,CBX,CBX,NYQ,,USA,,,
HWM$,HWM$,,,,,,,
BGEO,BGEO,,,,,,,
SULA11,SULA11,,,,,,,
ZIEXT,ZIEXT,,,,,,,
BFAC.U,BFAC.U,,,,,,,
TCOA.W,TCOA.W,,,,,,,
MS$I,MS$I,,,,,,,
WARR.U,WARR.U,,,,,,,
TWNI.U,TWNI.U,,,,,,,
TRTN$D,TRTN$D,,,,,,,
MS$K,MS$K,,,,,,,
FLME.U,FLME.U,,,,,,,
PSA$F,PSA$F,,,,,,,
AXH.W,AXH.W,,,,,,,
NREF$A,NREF$A,,,,,,,
CRD.B,CRD.B,,,,,,,
GGBR4,GGBR4,,,,,,,
GTN.A,GTN.A,,,,,,,
TRTN$A,TRTN$A,,,,,,,
AVAN.U,AVAN.U,,,,,,,
BAC$N,BAC$N,,,,,,,
PV.W,PV.W,,,,,,,
INAQ.W,INAQ.W,,,,,,,
MBAC.W,MBAC.W,,,,,,,
GOGN.U,GOGN.U,,,,,,,
BITE.W,BITE.W,,,,,,,
RJAC.W,RJAC.W,,,,,,,
ZAZZT,ZAZZT,,,,,,,
YDUQ3,YDUQ3,,,,,,,
BLUA.U,BLUA.U,,,,,,,
PSPC.U,PSPC.U,,,,,,,
INN$F,INN$F,,,,,,,
SHO$I,SHO$I,,,,,,,
AIG$A,AIG$A,,,,,,,
INDUSINDBK,INDUSINDBK,,,,,,,
MIMO.A,MIMO.A,,,,,,,
BOAS.W,BOAS.W,,,,,,,
SLAC.W,SLAC.W,,,,,,,
NLY$G,NLY$G,,,,,,,
VIVT4,VIVT4,,,,,,,
BMAC.U,BMAC.U,,,,,,,
BSX$A,BSX$A,,,,,,,
ASAQ.W,ASAQ.W,,,,,,,
ACII.W,ACII.W,,,,,,,
ALP$Q,ALP$Q,,,,,,,
NSA$A,NSA$A,,,,,,,
MRVE3,MRVE3,,,,,,,
CODI$B,CODI$B,,,,,,,
PRBM.U,PRBM.U,,,,,,,
PLYM$A,PLYM$A,,,,,,,
GDV$H,GDV$H,,,,,,,
HZON.U,HZON.U,,,,,,,
PCAR3,PCAR3,,,,,,,
FCAX.W,FCAX.W,,,,,,,
AXAC.R,AXAC.R,,,,,,,
LWDB,LWDB,,,,,,,
AKO.B,AKO.B,,,,,,,
DNZ.W,DNZ.W,,,,,,,
UP.W,UP.W,,,,,,,
CDR$B,CDR$B,,,,,,,
ANAC.U,ANAC.U,,,,,,,
MIT.U,MIT.U,,,,,,,
JFJ,JFJ,,,,,,,
DWIN.W,DWIN.W,,,,,,,
PRBM.W,PRBM.W,,,,,,,
CMRE$C,CMRE$C,,,,,,,
IGZ,IGZ,IGZ (Listing Market NYSE Arca N,ASE,,USA,,,
HHLA.U,HHLA.U,,,,,,,
BRK.A,BRK.A,,,,,,,
BACA.U,BACA.U,,,,,,,
PDOT.W,PDOT.W,,,,,,,
DSX$B,DSX$B,,,,,,,
NTCO3,NTCO3,,,,,,,
TOTS3,TOTS3,,,,,,,
BRD.W,BRD.W,,,,,,,
IPVF.W,IPVF.W,,,,,,,
LNFA.U,LNFA.U,,,,,,,
FLAG.U,FLAG.U,,,,,,,
JATT.U,JATT.U,,,,,,,
WBX.W,WBX.W,,,,,,,
ACAQ.W,ACAQ.W,,,,,,,
GSQB.U,GSQB.U,,,,,,,
PGSS.W,PGSS.W,,,,,,,
TRCA.W,TRCA.W,,,,,,,
ELET3,ELET3,,,,,,,
IPOF.U,IPOF.U,,,,,,,
AUS.W,AUS.W,,,,,,,
KCAC.U,KCAC.U,,,,,,,
SHAP.U,SHAP.U,,,,,,,
KNSW.U,KNSW.U,,,,,,,
HPX.W,HPX.W,,,,,,,
TDW.B,TDW.B,,,,,,,
KNSW.W,KNSW.W,,,,,,,
HL$B,HL$B,,,,,,,
VSVS,VSVS,,,,,,,
AGAC.W,AGAC.W,,,,,,,
GB.W,GB.W,,,,,,,
WAL$A,WAL$A,,,,,,,
USB$P,USB$P,,,,,,,
MBSC.U,MBSC.U,,,,,,,
PSEC$A,PSEC$A,,,,,,,
SBEV.W,SBEV.W,,,,,,,
OPA.U,OPA.U,,,,,,,
TBCG,TBCG,,,,,,,
IBST,IBST,,,,,,,
RONI.U,RONI.U,,,,,,,
ECOR3,ECOR3,,,,,,,
WRB$E,WRB$E,,,,,,,
AGM$G,AGM$G,,,,,,,
CPFE3,CPFE3,,,,,,,
CRD.A,CRD.A,,,,,,,
ET$C,ET$C,,,,,,,
ALL$I,ALL$I,,,,,,,
STT$D,STT$D,,,,,,,
HIGA.U,HIGA.U,,,,,,,
THRL,THRL,,,,,,,
CADE$A,CADE$A,,,,,,,
TRIS.W,TRIS.W,,,,,,,
SPG$J,SPG$J,,,,,,,
RCFA.W,RCFA.W,,,,,,,
RIV$A,RIV$A,,,,,,,
CLAS.U,CLAS.U,,,,,,,
ATEST.B,ATEST.B,,,,,,,
BRML3,BRML3,,,,,,,
GLP$A,GLP$A,,,,,,,
PNTM.W,PNTM.W,,,,,,,
STT$G,STT$G,,,,,,,
MRFG3,MRFG3,,,,,,,
CYRE3,CYRE3,,,,,,,
PDOT.U,PDOT.U,,,,,,,
SHO$H,SHO$H,,,,,,,
HUGS.U,HUGS.U,,,,,,,
GS$D,GS$D,,,,,,,
CMIG4,CMIG4,,,,,,,
DMYS.W,DMYS.W,,,,,,,
TRAQ.U,TRAQ.U,,,,,,,
EBR.B,EBR.B,,,,,,,
CLVT$A,CLVT$A,,,,,,,
GAB$H,GAB$H,,,,,,,
SCE$L,SCE$L,,,,,,,
CMRE$D,CMRE$D,,,,,,,
LGL.W,LGL.W,,,,,,,
APTV$A,APTV$A,,,,,,,
GOED.W,GOED.W,,,,,,,
EVEX.W,EVEX.W,,,,,,,
EDIN,EDIN,,,,,,,
SEQI,SEQI,,,,,,,
TNP$F,TNP$F,,,,,,,
HLLY.W,HLLY.W,,,,,,,
TWND.U,TWND.U,,,,,,,
AHT$G,AHT$G,,,,,,,
AHT$H,AHT$H,,,,,,,
PACI.W,PACI.W,,,,,,,
TRTN$B,TRTN$B,,,,,,,
AMBP.W,AMBP.W,,,,,,,
PHYT.W,PHYT.W,,,,,,,
CCC,CCC,Calgon Carbon Corporation,NYQ,Pollution & Treatment Controls,USA,,,
PRIF$F,PRIF$F,,,,,,,
ALL$H,ALL$H,,,,,,,
RRAC.W,RRAC.W,,,,,,,
PCG$A,PCG$A,,,,,,,
REXR$B,REXR$B,,,,,,,
CODI$A,CODI$A,,,,,,,
ATH$D,ATH$D,,,,,,,
ZEV.W,ZEV.W,,,,,,,
FATH.W,FATH.W,,,,,,,
SB$D,SB$D,,,,,,,
UMH$D,UMH$D,,,,,,,
MS$F,MS$F,,,,,,,
RJAC.U,RJAC.U,,,,,,,
DS$D,DS$D,,,,,,,
MPACR,MPACR,,,,,,,
BGSX.W,BGSX.W,,,,,,,
NRDY.W,NRDY.W,,,,,,,
LOKM.U,LOKM.U,,,,,,,
KEY$K,KEY$K,,,,,,,
APAX,APAX,,,,,,,
GRBK$A,GRBK$A,,,,,,,
COF$I,COF$I,,,,,,,
FRC$J,FRC$J,,,,,,,
BYN.W,BYN.W,,,,,,,
SPNT$B,SPNT$B,,,,,,,
SUZB3,SUZB3,,,,,,,
MSLH,MSLH,,,,,,,
HT$E,HT$E,,,,,,,
JAM,JAM,,,,,,,
LRE,LRE,,,,,,,
MTAL.U,MTAL.U,,,,,,,
DSAQ.U,DSAQ.U,,,,,,,
COF$N,COF$N,,,,,,,
AUS.U,AUS.U,,,,,,,
ATH$B,ATH$B,,,,,,,
CRST,CRST,,,,,,,
RNR$G,RNR$G,,,,,,,
RCOR.W,RCOR.W,,,,,,,
WE.W,WE.W,,,,,,,
AVAN.W,AVAN.W,,,,,,,
CTEST.V,CTEST.V,,,,,,,
APGB.U,APGB.U,,,,,,,
TNP$D,TNP$D,,,,,,,
CXAC.W,CXAC.W,,,,,,,
SGHC.W,SGHC.W,,,,,,,
PSB$X,PSB$X,,,,,,,
SCE$H,SCE$H,,,,,,,
FVIV.W,FVIV.W,,,,,,,
WFC$Y,WFC$Y,,,,,,,
PNTM.U,PNTM.U,,,,,,,
NEE$O,NEE$O,,,,,,,
LHC.W,LHC.W,,,,,,,
BANDHANBNK,BANDHANBNK,,,,,,,
FHN$C,FHN$C,,,,,,,
SAIN,SAIN,,,,,,,
SHED,SHED,,,,,,,
CTA$A,CTA$A,,,,,,,
XFLT$A,XFLT$A,,,,,,,
NMK$C,NMK$C,,,,,,,
FLYA.U,FLYA.U,,,,,,,
FEML,FEML,,,,,,,
ASAQ.U,ASAQ.U,,,,,,,
MDH.U,MDH.U,,,,,,,
MH$A,MH$A,,,,,,,
EQTL3,EQTL3,,,,,,,
QNGY.W,QNGY.W,,,,,,,
VEIL,VEIL,,,,,,,
ECC$D,ECC$D,,,,,,,
HDFCBANK,HDFCBANK,,,,,,,
BAC$L,BAC$L,,,,,,,
DLNG$A,DLNG$A,,,,,,,
NSTC.U,NSTC.U,,,,,,,
TRTX$C,TRTX$C,,,,,,,
REXR$C,REXR$C,,,,,,,
IRNT.W,IRNT.W,,,,,,,
THRG,THRG,,,,,,,
MRCH,MRCH,,,,,,,
AAIC$C,AAIC$C,,,,,,,
HAPV3,HAPV3,,,,,,,
SB$C,SB$C,,,,,,,
FST.U,FST.U,,,,,,,
SF$B,SF$B,,,,,,,
3IN,3IN,,,,,,,
GMRE$A,GMRE$A,,,,,,,
EQH$A,EQH$A,,,,,,,
WAVC.U,WAVC.U,,,,,,,
SUAC.W,SUAC.W,,,,,,,
WOSG,WOSG,,,,,,,
PMT$B,PMT$B,,,,,,,
KKR$C,KKR$C,,,,,,,
EQD.U,EQD.U,,,,,,,
GLP$B,GLP$B,,,,,,,
VLD.W,VLD.W,,,,,,,
CORS.U,CORS.U,,,,,,,
INSW$A,INSW$A,,,,,,,
IBER.U,IBER.U,,,,,,,
WIZZ,WIZZ,,,,,,,
BF.B,BF.B,,,,,,,
B3SA3,B3SA3,,,,,,,
JOBY.W,JOBY.W,,,,,,,
CTOS.W,CTOS.W,,,,,,,
FLYA.W,FLYA.W,,,,,,,
EFC$A,EFC$A,,,,,,,
FLME.W,FLME.W,,,,,,,
MPLN.W,MPLN.W,,,,,,,
VYGG.W,VYGG.W,,,,,,,
NETW,NETW,,,,,,,
LLAP.W,LLAP.W,,,,,,,
ECF$A,ECF$A,,,,,,,
BVIC,BVIC,,,,,,,
BOAC.W,BOAC.W,,,,,,,
LEAP.W,LEAP.W,,,,,,,
WAVC.W,WAVC.W,,,,,,,
PCG$G,PCG$G,,,,,,,
CCR,CCR,,,,,,,
SEIT,SEIT,,,,,,,
HTAQ.W,HTAQ.W,,,,,,,
PSA$K,PSA$K,,,,,,,
FOA.W,FOA.W,,,,,,,
RDW.W,RDW.W,,,,,,,
IGTA3,IGTA3,,,,,,,
WRB$G,WRB$G,,,,,,,
IRS.W,IRS.W,,,,,,,
AGM$E,AGM$E,,,,,,,
FXPO,FXPO,,,,,,,
AEL$B,AEL$B,,,,,,,
LEV.W,LEV.W,,,,,,,
SST.W,SST.W,,,,,,,
MAA$I,MAA$I,,,,,,,
SCUA.U,SCUA.U,,,,,,,
FHN$D,FHN$D,,,,,,,
ATH$C,ATH$C,,,,,,,
NEE$N,NEE$N,,,,,,,
HYPE3,HYPE3,,,,,,,
ALLG.W,ALLG.W,,,,,,,
AHT$I,AHT$I,,,,,,,
CXAC.U,CXAC.U,,,,,,,
GNT$A,GNT$A,,,,,,,
ASHM,ASHM,,,,,,,
FRT$C,FRT$C,,,,,,,
STRY.W,STRY.W,,,,,,,
ALIN$E,ALIN$E,,,,,,,
BFS$E,BFS$E,,,,,,,
SCHW$J,SCHW$J,,,,,,,
RLJ$A,RLJ$A,,,,,,,
GIA.W,GIA.W,,,,,,,
ICGT,ICGT,,,,,,,
TYMN,TYMN,,,,,,,
PCG$H,PCG$H,,,,,,,
PEB$G,PEB$G,,,,,,,
FBRT$E,FBRT$E,,,,,,,
HMSO,HMSO,,,,,,,
HFRO$A,HFRO$A,,,,,,,
PETR4,PETR4,,,,,,,
FACT.W,FACT.W,,,,,,,
DNZ.U,DNZ.U,,,,,,,
DSCV,DSCV,,,,,,,
PRIF$K,PRIF$K,,,,,,,
DLNG$B,DLNG$B,,,,,,,
SEAL$B,SEAL$B,,,,,,,
CIEL3,CIEL3,,,,,,,
CVII.W,CVII.W,,,,,,,
GLU$A,GLU$A,,,,,,,
PSA$H,PSA$H,,,,,,,
IFIN.U,IFIN.U,,,,,,,
BAC$M,BAC$M,,,,,,,
LEN.B,LEN.B,,,,,,,
JMG,JMG,"Journal Media Group, Inc.",PCX,,USA,,,
ATEST.C,ATEST.C,,,,,,,
CTA$B,CTA$B,,,,,,,
CIM$A,CIM$A,,,,,,,
CSAN3,CSAN3,,,,,,,
MIT.W,MIT.W,,,,,,,
BNKR,BNKR,,,,,,,
MIMO.W,MIMO.W,,,,,,,
SITC$A,SITC$A,,,,,,,
CSTA.W,CSTA.W,,,,,,,
N91,N91,,,,,,,
BBDC3,BBDC3,,,,,,,
BAC$E,BAC$E,,,,,,,
SES.W,SES.W,,,,,,,
BIO.B,BIO.B,,,,,,,
GEN,GEN,"Genesis Healthcare, Inc.",NYQ,Long-Term Care Facilities,USA,,,
VCXB.U,VCXB.U,,,,,,,
NGL$B,NGL$B,,,,,,,
CLDT$A,CLDT$A,,,,,,,
DPLM,DPLM,,,,,,,
BOXD.W,BOXD.W,,,,,,,
SYNC,SYNC,"Synacor, Inc.",NGM,Internet Information Providers,USA,,,
VMUK,VMUK,,,,,,,
CLI,CLI,Mack-Cali Realty Corporation,NYQ,REIT - Office,USA,,,
GBTG.W,GBTG.W,,,,,,,
FACT.U,FACT.U,,,,,,,
DOMA.W,DOMA.W,,,,,,,
SI$A,SI$A,,,,,,,
FPAC.W,FPAC.W,,,,,,,
FACA.W,FACA.W,,,,,,,
WTAN,WTAN,,,,,,,
GS$A,GS$A,,,,,,,
SR$A,SR$A,,,,,,,
RMPL$,RMPL$,,,,,,,
TATE,TATE,,,,,,,
EGGF.W,EGGF.W,,,,,,,
STR.W,STR.W,,,,,,,
OWLT.W,OWLT.W,,,,,,,
BRG$C,BRG$C,,,,,,,
BML$H,BML$H,,,,,,,
GRP.U,GRP.U,,,,,,,
UBP$H,UBP$H,,,,,,,
BH.A,BH.A,,,,,,,
KCGI.W,KCGI.W,,,,,,,
NS$B,NS$B,,,,,,,
ZCZZT,ZCZZT,,,,,,,
PW$A,PW$A,,,,,,,
CTV.W,CTV.W,,,,,,,
FRC$M,FRC$M,,,,,,,
HVPE,HVPE,,,,,,,
BCPT,BCPT,,,,,,,
EQHA.U,EQHA.U,,,,,,,
ENPC.W,ENPC.W,,,,,,,
CTEST.G,CTEST.G,,,,,,,
NLY$F,NLY$F,,,,,,,
NRZ$B,NRZ$B,,,,,,,
IDFCFIRSTB,IDFCFIRSTB,,,,,,,
MFA$C,MFA$C,,,,,,,
AEL$A,AEL$A,,,,,,,
AFTR.U,AFTR.U,,,,,,,
ADRA.U,ADRA.U,,,,,,,
CLIM.U,CLIM.U,,,,,,,
HICL,HICL,,,,,,,
BITE.U,BITE.U,,,,,,,
JPM$J,JPM$J,,,,,,,
STZ.B,STZ.B,,,,,,,
ICNC.U,ICNC.U,,,,,,,
CND.W,CND.W,,,,,,,
WNNR.U,WNNR.U,,,,,,,
NEE$P,NEE$P,,,,,,,
MTAL.W,MTAL.W,,,,,,,
PSA$N,PSA$N,,,,,,,
EPWR.W,EPWR.W,,,,,,,
CEQP$,CEQP$,,,,,,,
CPUH.W,CPUH.W,,,,,,,
NSTD.U,NSTD.U,,,,,,,
AHL$E,AHL$E,,,,,,,
WFC$R,WFC$R,,,,,,,
RY$T,RY$T,,,,,,,
CSR$C,CSR$C,,,,,,,
RJF$A,RJF$A,,,,,,,
VNO$O,VNO$O,,,,,,,
JPM$C,JPM$C,,,,,,,
FRAS,FRAS,,,,,,,
DNLM,DNLM,,,,,,,
MS$L,MS$L,,,,,,,
IPVA.U,IPVA.U,,,,,,,
CWEN.A,CWEN.A,,,,,,,
BAC$O,BAC$O,,,,,,,
EQH$C,EQH$C,,,,,,,
RMG,RMG,,,,,,,
WFC$A,WFC$A,,,,,,,
BODY.W,BODY.W,,,,,,,
ADRT.U,ADRT.U,,,,,,,
IRBR3,IRBR3,,,,,,,
SYF$A,SYF$A,,,,,,,
HGT,HGT,Hugoton Royalty Trust,NYQ,Oil & Gas Drilling & Exploration,USA,,,
IMI,IMI,"Intermolecular, Inc.",NMS,Semiconductor Equipment & Materials,USA,,,
AEVA.W,AEVA.W,,,,,,,
NMK$B,NMK$B,,,,,,,
WEGE3,WEGE3,,,,,,,
HVT.A,HVT.A,,,,,,,
ABEV3,ABEV3,,,,,,,
COF$L,COF$L,,,,,,,
ACR$C,ACR$C,,,,,,,
ML.W,ML.W,,,,,,,
PSA$O,PSA$O,,,,,,,
KREF$A,KREF$A,,,,,,,
MM.NS,MM.NS,,,,,,,
AHH$A,AHH$A,,,,,,,
ABR$E,ABR$E,,,,,,,
GAB$G,GAB$G,,,,,,,
LNFA.W,LNFA.W,,,,,,,
VLTA.W,VLTA.W,,,,,,,
SANB11,SANB11,,,,,,,
HMA.W,HMA.W,,,,,,,
SUNL.W,SUNL.W,,,,,,,
RHIM,RHIM,,,,,,,
EVE.W,EVE.W,,,,,,,
NRGV.W,NRGV.W,,,,,,,
PRIF$L,PRIF$L,,,,,,,
TNP$E,TNP$E,,,,,,,
KEY$I,KEY$I,,,,,,,
FRC$H,FRC$H,,,,,,,
GSQD.U,GSQD.U,,,,,,,
JPM$K,JPM$K,,,,,,,
BBAI.W,BBAI.W,,,,,,,
ITSA4,ITSA4,,,,,,,
SPIR.W,SPIR.W,,,,,,,
CPTK.U,CPTK.U,,,,,,,
ROSS.W,ROSS.W,,,,,,,
BRAP4,BRAP4,,,,,,,
OPA.W,OPA.W,,,,,,,
GUT$C,GUT$C,,,,,,,
TLGA.W,TLGA.W,,,,,,,
IONQ.W,IONQ.W,,,,,,,
CTEST.E,CTEST.E,,,,,,,
UPH.W,UPH.W,,,,,,,
TGH$A,TGH$A,,,,,,,
PIAI.U,PIAI.U,,,,,,,
BHIL.W,BHIL.W,,,,,,,
ZTEST,ZTEST,,,,,,,
GNL$B,GNL$B,,,,,,,
PSA$L,PSA$L,,,,,,,
DCP$B,DCP$B,,,,,,,
EOCW.W,EOCW.W,,,,,,,
NILE$D,NILE$D,,,,,,,
PRPC.U,PRPC.U,,,,,,,
JEO,JEO,,,,,,,
ASZ.W,ASZ.W,,,,,,,
EHC.V,EHC.V,,,,,,,
KOTAKBANK,KOTAKBANK,,,,,,,
CUBI$F,CUBI$F,,,,,,,
GEF.B,GEF.B,,,,,,,
CRHC.U,CRHC.U,,,,,,,
MULT3,MULT3,,,,,,,
SKIL.W,SKIL.W,,,,,,,
TWNI.W,TWNI.W,,,,,,,
MS$A,MS$A,,,,,,,
HTPA.U,HTPA.U,,,,,,,
FLAG.W,FLAG.W,,,,,,,
ELET6,ELET6,,,,,,,
GOAC.W,GOAC.W,,,,,,,
FACA.U,FACA.U,,,,,,,
NFNT.U,NFNT.U,,,,,,,
ITUB4,ITUB4,,,,,,,
RBAC.U,RBAC.U,,,,,,,
ENBR3,ENBR3,,,,,,,
ATCO$H,ATCO$H,,,,,,,
ACR$D,ACR$D,,,,,,,
VNO$L,VNO$L,,,,,,,
STRE.U,STRE.U,,,,,,,
INDV,INDV,,,,,,,
WQGA.U,WQGA.U,,,,,,,
CUBI$E,CUBI$E,,,,,,,
KCGI.U,KCGI.U,,,,,,,
FVT.W,FVT.W,,,,,,,
PSPC.W,PSPC.W,,,,,,,
BARK.W,BARK.W,,,,,,,
GDV$K,GDV$K,,,,,,,
