,symbols
0,KMI
1,AVLR
2,VMW
3,PGRE
4,IQM
5,DDM
6,EVTC
7,DEI
8,SMI
9,TSPQ
10,ELF
11,SCM
12,IWLG
13,ALLE
14,CPII
15,BYD
16,TXT
17,DMS
18,MIC
19,STOT
20,SCCF
21,IEDI
22,DVYE
23,PXUS
24,IG
25,WFIG
26,FNGD
27,TTAC
28,DSTX
29,SAN
30,WNC
31,SACC
32,SMIN
33,PFXF
34,MYD
35,DO
36,BEZ
37,OILU
38,LIO
39,QUOT
40,TRND
41,FT
42,USVM
43,GGG
44,WTI
45,BFAM
46,ECF
47,SGG
48,HSCZ
49,STEM
50,UST
51,RDW
52,MSGR
53,OPP
54,REM
55,CORP
56,CYBN
57,GOOG
58,GHC
59,TPSC
60,JIG
61,ICL
62,PKI
63,IDNA
64,CIA
65,NET
66,VNO
67,NCZ
68,CFR
69,UPS
70,HSRT
71,ICVT
72,HYT
73,BF-B
74,XTL
75,AMPE
76,DCO
77,GGN
78,WEIX
79,RMMZ
80,FFIV
81,SMAR
82,HDFCLIFE.NS
83,GATO
84,HYLN
85,BC
86,FLJH
87,SUN
88,FLSA
89,CVX
90,DTG
91,HYEM
92,SSU
93,CNNE
94,VEGI
95,FJUL
96,ARL
97,MUB
98,BSEA
99,DES
100,ESI
101,ESGB
102,MKS
103,AINC
104,CIPLA.NS
105,FVD
106,VGT
107,TGR
108,MZZ
109,SWKS
110,FDRV
111,OMC
112,DD
113,BIPH
114,FDD
115,SEIM
116,HYMU
117,AGT
118,NAIL
119,BERY
120,SRV
121,EUDV
122,FLFR
123,LGV
124,IMO
125,PSTL
126,HSV
127,TECB
128,VCEB
129,FLM
130,KOCT
131,MDC
132,MTG
133,GGRW
134,AIV
135,MHI
136,BA
137,CWH
138,IIM
139,KNOS
140,ETD
141,HDMV
142,GERM
143,SEB
144,TWO
145,CLSA
146,TMFM
147,JPS
148,HPI
149,ORCL
150,MCHP
151,ARE
152,MVO
153,LD
154,NPFD
155,EFAV
156,HTPA
157,AQNA
158,GIA
159,LPX
160,ADP
161,TRGP
162,ESMT
163,DAN
164,PYS
165,CTBB
166,EPWR
167,FXLV
168,NIC
169,BEKE
170,BIV
171,HYLD
172,HII
173,GII
174,RYN
175,TYG
176,IJAN
177,PGRO
178,NSTD
179,VOT
180,M
181,OLO
182,LCR
183,PVL
184,EFA
185,QUS
186,HIPS
187,FTS
188,PSMC
189,MTA
190,PSQ
191,TMFX
192,JPM
193,ARMP
194,GFL
195,ML
196,FGRO
197,QGEN
198,LU
199,FDVV
200,SCD
201,CMU
202,BSTZ
203,SJI
204,MTVR
205,KN
206,SMDY
207,SNV
208,GPAL
209,GOLF
210,ISCF
211,LEN
212,LRN
213,MLR
214,WTTR
215,GOEX
216,DLN
217,PUNK
218,CHWY
219,MTUM
220,GAL
221,NEP
222,PCM
223,TS
224,MYE
225,FPFD
226,MLNK
227,JCE
228,AOMR
229,HTFB
230,DRI
231,PFGC
232,SNPE
233,RETL
234,FIGS
235,USPH
236,CWK
237,CRUZ
238,ETW
239,EDU
240,DBD
241,LCTD
242,KCCA
243,TMP
244,INSP
245,CLOI
246,DWM
247,ENZ
248,CYH
249,GBUY
250,XJH
251,GMET
252,AMJ
253,AFB
254,DFAU
255,BAB
256,IQIN
257,SRT
258,HFG
259,UZF
260,MNBD
261,HRL
262,IWFH
263,GDOC
264,VKQ
265,TPL
266,FURY
267,IHG
268,TAGS
269,CZR
270,CLBR
271,PSN
272,DWLD
273,VALT
274,HDAW
275,BOX
276,C
277,TRTL
278,RESI
279,JT
280,HL
281,EEM
282,AMAT
283,MPWR
284,PREF
285,ICNC
286,EMR
287,LCTU
288,CAPE
289,COE
290,FIF
291,NUAG
292,EEH
293,MYY
294,FNCL
295,NL
296,VCT
297,XVOL
298,POST
299,ITC.NS
300,GE
301,GRX
302,BTAL
303,FLYA
304,EMHC
305,WQGA
306,PCG
307,VLTA
308,PSTH
309,AGS
310,RSI
311,KLNE
312,MDYV
313,SCHZ
314,USNA
315,NOM
316,HYRM
317,LFG
318,CINT
319,CVAR
320,SPSB
321,SXC
322,FCLD
323,HSL
324,TECL
325,SPDN
326,PBH
327,PSX
328,IEX
329,A
330,DEEP
331,IDOG
332,LEAD
333,NQP
334,THM
335,POOL
336,DTP
337,QMAR
338,USAI
339,AZZ
340,SSO
341,DMAR
342,SPYD
343,CPRI
344,TPAY
345,ENOR
346,AIO
347,XLSR
348,SCRD
349,QQH
350,DALT
351,IYM
352,NXJ
353,XYLD
354,BMO
355,TLW
356,CLX
357,SEDG
358,TGLS
359,NRDY
360,NMZ
361,OUSA
362,PGX
363,SCHC
364,CDAY
365,EWCO
366,AFLG
367,PINS
368,USML
369,NAC
370,AMBC
371,GLDX
372,ODV
373,BYTE
374,DSJA
375,IVOO
376,J
377,AWTM
378,UGL
379,AMCR
380,AHT
381,FNDA
382,ARKG
383,BOIL
384,UIVM
385,FBRT
386,BBLN
387,MIR
388,ONEO
389,TEI
390,ASL
391,BTTR
392,CGA
393,LSI
394,RTX
395,BDXB
396,QTOC
397,CMSD
398,CBU
399,MPC
400,BCE
401,IGI
402,MSTQ
403,NGE
404,AIVI
405,OGIG
406,ATG
407,TEQI
408,PSLV
409,ABBV
410,XPOA
411,SXS
412,INDL
413,BMED
414,GLDB
415,TECS
416,O
417,BAUG
418,EVH
419,XLC
420,MRND
421,LIV
422,IGA
423,BBOX
424,XBJL
425,TATASTEEL.NS
426,RMI
427,RYH
428,IRL
429,BRD
430,SH
431,VRE
432,ORC
433,BOE
434,BUZZ
435,ERJ
436,RDIV
437,UGP
438,PFFR
439,IWC
440,COUR
441,PLD
442,VGZ
443,AIT
444,TPVG
445,GVI
446,DEX
447,AUS
448,AFMC
449,GSEU
450,OMFL
451,SOXL
452,IEFN
453,SAK
454,AKAM
455,IJH
456,UNM
457,JLL
458,CRT
459,CEG
460,DTW
461,COM
462,GNS
463,SHFT
464,JMOM
465,BUD
466,CTV
467,SRS
468,AENZ
469,SAMT
470,CII
471,HSX
472,BTZ
473,ORA
474,XTN
475,DNP
476,NVO
477,FLJP
478,LNN
479,MSC
480,ED
481,IBUY
482,FTCH
483,BKLN
484,TEF
485,WHR
486,AMNA
487,RXD
488,TIMB
489,IBDQ
490,CHGG
491,LAZ
492,BCD
493,GB
494,BBC
495,PKX
496,KSS
497,BAH
498,DON
499,MGK
500,HIW
501,GEF
502,SEAS
503,DFP
504,PRPC
505,BNOV
506,HYBL
507,WBII
508,OR
509,IWP
510,SPXU
511,TEL
512,EMCR
513,QUAL
514,QDPL
515,DNB
516,WOMN
517,FNGU
518,FTV
519,EEX
520,YJUN
521,SPXN
522,MMX
523,SHEL
524,OMI
525,KEN
526,GLS
527,RYT
528,LQDH
529,GRI
530,GDVD
531,MUNI
532,QVML
533,IPVA
534,WWR
535,IWS
536,CNO
537,FLME
538,T
539,WEX
540,CRM
541,NOCT
542,TER
543,ZHDG
544,DGL
545,DE
546,WCC
547,JHCB
548,CI
549,CANF
550,CIR
551,AIVL
552,GS
553,INCO
554,EWT
555,VEU
556,SHG
557,RPV
558,WAL
559,HYGH
560,UFAB
561,DSOC
562,GAQ
563,GDMN
564,LXI
565,EFZ
566,FLDZ
567,COLD
568,TALO
569,SCHP
570,EBLU
571,EQOP
572,CW
573,SNDA
574,FEDX
575,CGT
576,PML
577,VHAQ
578,SCHW
579,BOCT
580,APCA
581,SECT
582,ORCC
583,UJB
584,PSFD
585,AVDV
586,NRG
587,OZ
588,IEO
589,BBW
590,PHYT
591,RTYD
592,RMT
593,AZUL
594,ZDGE
595,OC
596,MQT
597,ICOL
598,EMG
599,SLB
600,DOZR
601,EAPR
602,HYLV
603,DUG
604,PSK
605,MGU
606,NHC
607,VIST
608,GORO
609,CUBB
610,UWM
611,PSCX
612,CLF
613,MTX
614,TAGG
615,PBUS
616,ZBRA
617,FNDF
618,PBF
619,LYV
620,JHPI
621,WFC
622,TECK
623,SHOP
624,BOUT
625,FLRU
626,MRNA
627,EWK
628,SO
629,DDF
630,RHE
631,VTY
632,IHD
633,CBOE
634,IJUL
635,PTRB
636,FLQM
637,EWA
638,EWU
639,RTM
640,JPIN
641,FIDU
642,BHB
643,CME
644,CVR
645,TDCX
646,AGE
647,BTEK
648,HYB
649,KMED
650,NGG
651,FEUS
652,FUBO
653,EHI
654,GDE
655,YMM
656,RH
657,CIG
658,CQQQ
659,PAR
660,BST
661,FCF
662,AFGE
663,BABA
664,MMSC
665,TOTR
666,RNG
667,SIL
668,PIPR
669,SPE
670,SIXO
671,BJAN
672,JXN
673,RES
674,PAG
675,HEZU
676,VMAT
677,SCHX
678,IETC
679,ESP
680,IGD
681,HNW
682,ASHX
683,IT
684,EMNT
685,ROCI
686,WTAI
687,PSMD
688,JBBB
689,TYA
690,INFY
691,QLVE
692,CMCL
693,JHCS
694,INFU
695,ICD
696,CUBE
697,WKP
698,BNKU
699,RZB
700,HTRB
701,SAVN
702,TOK
703,NTIP
704,GME
705,PRT
706,BKTI
707,WYY
708,EWGS
709,PSF
710,HNI
711,PSEP
712,VTRS
713,PFFV
714,CAF
715,EQNR
716,AIZN
717,STEW
718,TAC
719,IHIT
720,FAX
721,UUP
722,VMOT
723,EMBD
724,SHW
725,KXI
726,NEN
727,ASHS
728,PW
729,FFHG
730,TDSD
731,WY
732,EQC
733,CHCT
734,LFEQ
735,NLS
736,PSMJ
737,CINF
738,DEED
739,EURL
740,TPHS
741,PXF
742,URTY
743,AQUA
744,AGGH
745,LC
746,TATACONSUM.NS
747,EIX
748,DAR
749,CVM
750,EQD
751,REK
752,MSGS
753,SPIR
754,FCG
755,TUFN
756,BXSL
757,AOS
758,FLAX
759,CVS
760,CDE
761,SMG
762,HYIN
763,EMDV
764,FXF
765,FLYU
766,TPTA
767,MAS
768,JO
769,EEMO
770,VINE
771,IBMN
772,FLR
773,IFIN
774,SCT
775,AGI
776,TIPL
777,JHSC
778,SSL
779,OVL
780,BIBL
781,QID
782,BUI
783,FEV
784,FRTY
785,SPIB
786,TBX
787,SG
788,BCM
789,AESC
790,BKE
791,VFLQ
792,GIL
793,GJR
794,LAW
795,GMRE
796,BMAY
797,XHYC
798,HTH
799,VOOV
800,EGP
801,REVG
802,DKS
803,EJUL
804,MFV
805,GSPY
806,MIO
807,GM
808,SAGP
809,AVMU
810,ICE
811,USER
812,OII
813,FXH
814,TPX
815,CBON
816,MCB
817,XMMO
818,KWT
819,RESD
820,ROP
821,OPFI
822,ARC
823,IDA
824,OCTZ
825,PEN
826,SPLV
827,MTVC
828,BME
829,VEA
830,HFRO
831,ZIM
832,FZT
833,PAB
834,GSJY
835,RHCB
836,EQUL
837,BHR
838,EWS
839,BHK
840,CIEN
841,PWSC
842,USFR
843,KRG
844,AGM
845,FSNB
846,EOPS
847,DYNF
848,SPB
849,BATL
850,JJA
851,BALT
852,WOW
853,PTEU
854,YUM
855,MUST
856,KDP
857,IEMG
858,APT
859,OI
860,ARKK
861,EVG
862,FHYS
863,PARR
864,XBOC
865,HAPY
866,RAD
867,FBCG
868,FNDE
869,OUST
870,PEP
871,CUZ
872,HHC
873,FCO
874,UNF
875,DFEB
876,SFIG
877,PMAR
878,URTH
879,JTC
880,AVIG
881,EMD
882,USDU
883,VEEV
884,NOK
885,HUM
886,RIG
887,SCHF
888,GLOP
889,DZZ
890,BBRE
891,BUFF
892,ATCO
893,DPZ
894,NUE
895,WTS
896,EVN
897,EFX
898,FLCH
899,IYR
900,HAYW
901,XDAT
902,JUP
903,TRTY
905,SENS
906,EZA
907,CBLS
908,USCI
909,LHC
910,RY
911,IAUX
912,JHMA
913,MCW
914,CIXX
915,IDE
916,SYNT
917,HLX
918,GTO
919,CS
920,HEROMOTOCO.NS
921,RDOG
922,IBDT
923,KGC
924,SZNE
925,EVE
926,JMIN
927,BVN
928,RLTY
929,ELS
930,TMAT
931,IBER
932,DTE
933,SAR
934,CVNA
935,NEXA
936,NOA
937,DBAW
938,CION
939,VXX
940,HNGR
941,SPGS
942,EWX
943,EDZ
944,ITP
945,AUY
946,GSIE
947,OFC
948,OVM
949,PZA
950,CWI
951,ENO
952,AIG
953,GXG
954,CALX
955,PMF
956,GEM
957,MARZ
958,HMY
959,DOL
960,IWFL
961,RKT
962,ONON
963,JBHT
964,AAIN
965,RISR
966,H
967,OVV
968,STBL
969,VIG
970,CWAN
971,DNMR
972,VGM
973,PZC
974,AZAO
975,GENI
976,HOLX
977,AZBL
978,IGBH
979,QPT
980,LDI
981,DNOV
982,EMF
983,TSQ
984,IWD
985,DESP
986,KT
987,OUSM
988,VNMC
989,FLQL
990,INFA
991,ANET
992,INFL
993,MAIN
994,MEI
995,UBS
996,TFC
997,SCHJ
998,XDEC
999,HTGC
1000,NPCT
1001,BAMI
1002,SMDD
1003,DC
1004,ABMD
1005,MLN
1006,GBR
1007,RWGV
1008,SBI
1009,BIGZ
1010,XLY
1011,FXU
1012,HYBB
1013,ATHM
1014,SKIL
1015,MHO
1016,IHT
1017,DNN
1018,AMTR
1019,BKEM
1020,DBP
1021,FTK
1022,WKLY
1023,AFG
1024,GUT
1025,ARLO
1026,KBH
1027,NEWR
1028,IGLB
1029,LEJU
1030,SLAC
1031,BAJFINANCE.NS
1032,CWEB
1033,FRD
1034,ESUS
1035,SEIX
1036,REMX
1037,DNOW
1038,SPHY
1039,FMF
1040,SPIP
1041,MMIN
1042,BECO
1043,ASAI
1044,SDOW
1045,USTB
1046,ACCO
1047,WLY
1048,BBAR
1049,HLIO
1050,LEAP
1051,CHAD
1052,SPRE
1053,ARMK
1054,LKQ
1055,ACV
1056,EATZ
1057,DFAC
1058,PSPC
1059,SIZE
1060,BSEP
1061,MTOR
1062,REW
1063,VIDI
1064,BKIS
1065,ARKQ
1066,SFB
1067,CDR
1068,GOAC
1069,EA
1070,AVA
1071,DRE
1072,FRGE
1073,ALSN
1074,FDRR
1075,IWL
1076,SUPL
1077,VIV
1078,LONZ
1079,ARKF
1080,NETL
1081,ESNT
1082,FOR
1083,JPEM
1084,LBAY
1085,SHLX
1086,SGFY
1087,MFD
1088,FCOR
1089,BHV
1090,FEHY
1091,HEET
1092,FXA
1093,STRY
1094,CTT
1095,FLRN
1096,MCN
1097,DFAS
1098,BSBR
1099,IVC
1100,BX
1101,GNR
1102,MYTE
1103,SCHK
1104,EMMF
1105,KR
1106,BGY
1107,SIXS
1108,UPRO
1109,CBSE
1110,FXC
1111,AESR
1112,BNKD
1113,RE
1114,RS
1115,PFUT
1116,DFAX
1117,FUE
1118,EGPT
1119,PEI
1120,CPNG
1121,FSR
1122,BFTR
1123,EZJ
1124,NUVB
1125,SKT
1126,LMND
1127,BCG
1128,BGI
1129,BRW
1130,AHHX
1131,FXB
1132,FMIL
1133,FFTY
1134,FDL
1135,GHG
1136,JBGS
1137,SIVB
1138,ATUS
1139,BWXT
1140,SILJ
1141,QARP
1142,GXO
1143,HAWX
1144,KORE
1145,QDYN
1146,SPUU
1147,FSIG
1148,OGN
1149,DDLS
1150,CUBI
1151,EPM
1152,AGL
1153,ECON
1154,AAPL
1155,COP
1156,OBOR
1157,ACAQ
1158,PG
1159,PPA
1160,IYK
1161,WEC
1162,CRU
1163,SDIV
1164,MTMT
1165,SPPP
1166,BOY
1167,ATMP
1168,CRPT
1169,WDS
1170,HOTL
1171,RYU
1172,FDP
1173,CURE
1174,ERSX
1175,SLYV
1176,TBC
1177,XDAP
1178,FXY
1179,DSL
1180,GLQ
1181,GIGB
1182,NREF
1183,NSC
1184,OCFT
1185,DFEM
1186,DVN
1187,VST
1188,FDG
1189,MMT
1190,BTCM
1191,NEAR
1192,BKNG
1193,SILX
1194,URG
1195,MGV
1196,EQS
1197,SBEV
1198,SEIV
1199,WRN
1200,BGT
1201,CNM
1202,MIT
1203,PX
1204,INSI
1205,XYL
1206,WD
1207,XSOE
1208,ESTC
1209,DEW
1210,MBNE
1211,ISR
1212,MMI
1213,BDCZ
1214,FLOT
1215,XTJL
1216,SNPS
1217,ISDR
1218,SIRE
1219,PMT
1220,HSUN
1221,SSXU
1222,ELM
1223,RELIANCE.NS
1224,WAB
1225,FOVL
1226,FR
1227,DNA
1228,AIRI
1229,TFJL
1230,JXI
1231,NJUL
1232,MSA
1233,SPGM
1234,ETSY
1235,ACP
1236,ORLA
1237,AVRE
1238,DNZ
1239,QTAP
1240,CMSC
1241,ROST
1242,FJUN
1243,ADSK
1244,AMS
1245,FMN
1246,OVLH
1247,FLLA
1248,GAST
1249,DHY
1250,ECCX
1251,META
1252,TPR
1253,SQ
1254,RODM
1255,FDEU
1256,YDEC
1257,ULTA
1258,ECNS
1259,TITAN.NS
1260,ISRG
1261,IHDG
1262,ALLY
1263,ENBA
1264,ITOT
1265,CAPC
1266,PHB
1267,CEY
1268,HYLB
1269,IECS
1270,AC
1271,STET
1272,BRSP
1273,ETJ
1274,BHE
1275,BROS
1276,VTN
1277,OEUR
1278,NSPI
1279,USSG
1280,IVOG
1281,DURA
1282,TG
1283,VRAI
1284,GRC
1285,FAS
1286,XLP
1287,SUI
1288,VRTV
1289,JULZ
1290,PTN
1291,CWT
1292,LGF.B
1293,WPC
1294,NXRT
1295,JPT
1296,VOE
1297,DBC
1298,FLIA
1299,IIIN
1300,PYPL
1301,TMFE
1302,SPMV
1303,MRO
1304,QS
1305,IACC
1306,IXC
1307,NAT
1308,PBE
1309,QULL
1310,GMOM
1311,IVT
1312,PSTG
1313,CGCP
1314,RPT
1315,MHLA
1316,FIGB
1317,PCGU
1318,KAPR
1319,TEM
1320,GDIV
1321,LEMB
1322,BAMH
1323,FILL
1324,IXG
1325,STIP
1326,RCOR
1327,RNGR
1328,DSS
1329,MBI
1330,FMS
1331,SJB
1332,ELAT
1333,UEC
1334,VZLA
1335,AFSM
1336,FCT
1337,VRTX
1338,DEN
1339,IXSE
1340,NWG
1341,TTT
1342,NOMD
1343,RPHS
1344,TAL
1345,UGE
1346,NUGT
1347,GWH
1348,SOJE
1349,EDIV
1350,NXDT
1351,JHMC
1352,GPS
1353,XHYE
1354,DEEF
1355,RJI
1356,DECZ
1357,UBCB
1358,BYLD
1359,PSFJ
1360,DOV
1361,EXC
1362,ECCV
1363,DOCT
1364,MPX
1365,SPXL
1366,NVDA
1367,MKL
1368,TDOC
1369,EWY
1370,HZO
1371,AVGO
1372,FLTW
1373,QLV
1374,GWW
1375,RMO
1376,URNM
1377,SPEM
1378,EEV
1379,AILG
1380,FDS
1381,VOTE
1382,UJUL
1383,DFRA
1384,FORH
1385,HSBC
1386,RPAR
1387,NTEST
1388,JOB
1389,NTCO
1390,FLAG
1391,DWMF
1392,NFTZ
1393,UL
1394,RDMX
1395,BDN
1396,DFUV
1397,WLMS
1398,OUT
1399,BCS
1400,CHII
1401,VBF
1402,TSLX
1403,FAF
1404,SPGI
1405,MP
1406,BARK
1407,EWO
1408,OVT
1409,IYZ
1410,PDOT
1411,IBDD
1412,NEX
1413,BYG
1414,FCX
1415,CIB
1416,MHN
1417,VLN
1418,PNB
1419,UUU
1420,TOL
1421,SMM
1422,KRE
1423,AXU
1424,VZ
1425,KF
1426,BWG
1427,CHD
1428,MIY
1429,DBA
1430,JPXN
1431,MHK
1432,FCRX
1433,BBN
1434,NBY
1435,SM
1436,SCHO
1437,NORW
1438,AMOM
1439,OCIO
1440,BYN
1441,ELVT
1442,GROV
1443,JRNY
1444,ZNH
1445,EMGD
1446,IAF
1447,CCRD
1448,ALL
1449,DTOX
1450,PAK
1451,MVPS
1452,PZN
1453,FBGX
1454,ETRN
1455,UNG
1456,EIS
1457,HDG
1458,QNGY
1459,SWZ
1460,BYRE
1461,AOD
1462,DEO
1463,FLRG
1464,OGE
1465,TMX
1466,VXF
1467,PFIX
1468,DEUS
1469,THNQ
1470,DOW
1471,EQR
1472,SPMO
1473,HES
1474,LZB
1475,NDP
1476,FAM
1477,NRGX
1478,RM
1479,FIVA
1480,HLLY
1481,RRC
1482,PIN
1483,SIXL
1484,DOUG
1485,PMAY
1486,APTV
1487,SVXY
1488,BCH
1489,REG
1490,HACK
1491,FJAN
1492,CGW
1493,INN
1494,UHS
1495,FSP
1496,CORR
1497,WIW
1498,VNTR
1499,VWID
1500,SID
1501,CHIH
1502,TILT
1503,ADEX
1504,LGLV
1505,PGHY
1506,AMPI
1507,PLAT
1508,RNP
1509,WMT
1510,FLLV
1511,UFEB
1512,CC
1513,ASC
1514,DBV
1515,JGLD
1516,MUA
1517,BLDG
1518,FIG
1519,SZK
1520,TPIF
1521,HPE
1522,JHS
1523,CAH
1524,GBTG
1525,GSLC
1526,SCHY
1527,BLDR
1528,GCOW
1529,WTRE
1530,CSM
1531,VCIF
1532,YLD
1533,FISK
1534,XHYF
1535,ZUO
1536,LNFA
1537,IMTM
1538,PII
1539,FLCO
1540,ETB
1541,BSV
1542,AES
1543,ACU
1544,HCOM
1545,PRG
1546,SCCE
1547,AVNS
1548,IBDO
1549,BRC
1550,CSTM
1551,ONEV
1552,XLI
1553,ASA
1554,PTA
1555,AMT
1556,JJG
1557,SWAN
1558,KNSW
1559,IBHE
1560,HIBL
1561,ACIO
1562,PYPE
1563,MLPB
1564,AIR
1565,BBVA
1566,TDSB
1567,EWP
1568,BAJAJFINSV.NS
1569,DBEH
1570,DBEU
1571,PSO
1572,INKM
1573,BLES
1574,HYGV
1575,CUK
1576,LEV
1577,XHB
1578,UPW
1579,SOS
1580,MHNC
1581,FMAR
1582,FSBD
1583,ETX
1584,KREF
1585,AAMC
1586,MC
1587,SSTK
1588,VAMO
1589,INCY
1590,PING
1591,WBIG
1592,IVOL
1593,QAI
1594,SIHY
1595,FRDM
1596,DMO
1597,TR
1598,JUNZ
1599,PFRL
1600,MSFT
1601,SREA
1602,BMY
1603,GLV
1604,AILV
1605,AGQ
1606,BBAX
1607,HIO
1608,NIB
1609,VMO
1610,CKX
1611,NHWK
1612,BANC
1613,HEGD
1614,BTN
1615,CBZ
1616,GMED
1617,FLYD
1618,TWTR
1619,IONQ
1620,NJAN
1621,ERUS
1622,MAN
1623,DSM
1624,ERX
1625,EMFM
1626,RLGT
1627,HT
1628,NTZ
1629,MENV
1630,CORS
1631,HIBS
1632,NUGO
1633,PWV
1634,DTC
1635,PSCQ
1636,HTAQ
1637,FGT
1638,DOC
1639,SFBS
1640,AAU
1641,PRA
1642,CHIX
1643,EIM
1644,MHH
1645,MKC
1646,OPA
1647,FUMB
1648,BALL
1649,KIM
1650,NERD
1651,AVSE
1652,ITCB
1653,INST
1654,SHAK
1655,PBUG
1656,SITE
1657,JPIB
1658,NPV
1659,MEME
1660,TT
1661,AGRH
1662,WANT
1663,DCF
1664,YUMY
1665,HUN
1666,QTJA
1667,MARUTI.NS
1668,PFH
1669,FIX
1670,IGT
1671,FDN
1672,NM
1673,PSYK
1674,CHT
1675,IWF
1676,PRTY
1677,TWIO
1678,IJJ
1679,PSFO
1680,EUSA
1681,ARGO
1682,NCR
1683,SVT
1684,PMVC
1685,QLC
1686,SELV
1687,APO
1688,INTU
1689,CTDD
1690,EXK
1691,GHY
1692,OPAD
1693,FVIV
1694,AXTA
1695,EAOR
1696,WBIY
1697,MDY
1698,BAJAJ-AUTO.NS
1699,EES
1700,BLND
1701,ACWV
1702,TLH
1703,SST
1704,BLV
1705,AVSC
1706,ALFA
1707,UNOV
1708,USDP
1709,RAYC
1710,BXMT
1711,RMAX
1712,STOR
1713,VSCO
1714,NULG
1715,HST
1716,GOED
1717,DMAY
1718,INVH
1719,NSPY
1720,SBOW
1721,EMGF
1722,SPBO
1723,WOR
1724,SCU
1725,BURL
1726,YETI
1727,ASZ
1728,JETS
1729,FICO
1730,PNF
1731,PACK
1732,MJXL
1733,SRVR
1734,NABL
1735,SMHI
1736,EXR
1737,JDST
1738,RAMP
1739,DFS
1740,ALK
1741,JILL
1742,BMAR
1743,JMM
1744,PLYM
1745,QLT
1746,BAMR
1747,FND
1748,JNUG
1749,HGLB
1750,ECCW
1751,KULR
1752,BLCO
1753,GABF
1754,FORG
1755,GFI
1756,ERTH
1757,TWN
1758,GCLN
1759,XBJA
1760,XTOC
1761,MUT
1762,HWM
1763,WBD
1764,CQP
1765,NXN
1766,BSAQ
1767,FLKR
1768,TYO
1769,SENT
1770,WBAT
1771,LEU
1772,ALIT
1773,AUD
1774,LNT
1775,TRTN
1776,SKX
1777,SBR
1778,TOST
1779,PRF
1780,VLT
1781,CM
1782,EGO
1783,BUYZ
1784,NEE
1785,INDA
1786,DIVO
1787,VVNT
1788,GBGR
1789,FVAL
1790,TDC
1791,NGL
1792,XEL
1793,DELL
1794,JRS
1795,CNF
1796,TDG
1797,WNS
1798,VRT
1799,PFO
1800,CYD
1801,INTF
1802,JPSE
1803,HTAB
1804,SLX
1805,PTR
1806,EDC
1807,DVA
1808,SQNS
1809,BTI
1810,SCX
1811,SBAC
1812,CRBN
1813,RLJ
1814,SFYX
1815,SAM
1816,COF
1817,SRG
1818,PAPR
1819,PFEB
1820,BAM
1821,LSAT
1822,AVB
1823,RBND
1824,RSXJ
1825,DBND
1826,APRZ
1827,EFG
1828,PFIG
1829,IAU
1830,VCV
1831,WPCB
1832,CNXT
1833,BBCA
1834,JPST
1835,GCOR
1836,VLRS
1837,DJUN
1838,GOAU
1839,RBLX
1840,SVM
1841,ASH
1842,PICK
1843,IUSA
1844,HPF
1845,CLSC
1846,APN
1847,FRC
1848,PFFL
1849,DKL
1850,MBBB
1851,RSX
1852,USNZ
1853,PINK
1854,HOUS
1855,GRMN
1856,BXP
1857,MCK
1858,MDT
1859,JDIV
1860,CO
1861,WST
1862,OOMA
1863,DSI
1864,TLK
1865,VPU
1866,WHD
1867,APAM
1868,FTI
1869,U
1870,BAC
1871,EPRT
1872,HYDB
1873,FBCV
1874,KNG
1875,RAFE
1876,SJNK
1877,EEMS
1878,FYLD
1879,MOS
1880,LGOV
1881,MDYG
1882,TGRW
1883,ALLG
1884,SNMP
1885,JHMS
1886,LGH
1887,TRAQ
1888,ALTG
1889,XB
1890,SPXT
1891,MOH
1892,MMCA
1893,WLTG
1894,HPX
1895,ICICIBANK.NS
1896,BDL
1897,WF
1898,TGH
1899,FXI
1900,SAIL
1901,PSB
1902,IEME
1903,TOKE
1904,DBEF
1905,PFG
1906,ROOF
1907,FNGO
1908,BCV
1909,DFIS
1910,SQSP
1911,ENFN
1912,ENVA
1913,MLI
1914,PST
1915,AWYX
1916,REVS
1917,ADFI
1918,KSET
1919,IBHF
1920,NMT
1921,XPRO
1922,BTT
1923,BKUI
1924,EHAB
1925,NSP
1926,XLK
1927,PBP
1928,DRX
1929,GBUG
1930,REGL
1931,KTF
1932,XSVM
1933,EWZ
1934,EBS
1935,HCA
1936,AGO
1937,CSX
1938,GSV
1939,SUAC
1940,PCAR
1941,ZWS
1942,GSP
1943,DBOC
1944,LQDI
1945,PBI
1946,MTD
1947,VTI
1948,LETB
1949,BOSS
1950,INCH
1951,AZRE
1952,THD
1953,AAP
1954,NWL
1955,RRX
1956,IDT
1957,SMRT
1958,GUNR
1959,NEU
1960,TPGY
1961,AVSU
1962,NAK
1963,EPV
1964,GDXJ
1965,TKAT
1966,NDAQ
1967,BYM
1968,VET
1969,EGGF
1970,PXQ
1971,SPXZ
1972,DAL
1973,PXH
1974,BAL
1975,GSAT
1976,KESG
1977,BUFQ
1978,IYF
1979,REZ
1980,HOLD
1981,NIQ
1982,FE
1983,XTJA
1984,BKIE
1985,DHS
1986,HEQT
1987,TPLC
1988,SPYX
1989,AFT
1990,RHP
1991,FSEC
1992,STN
1993,MN
1994,DV
1995,TRPL
1996,RBA
1997,CLAS
1998,NRGV
1999,RFP
2000,TMST
2001,TRX
2002,LUV
2003,TDSA
2004,PLTM
2005,DBLV
2006,SAEF
2007,UBA
2008,GPC
2009,PUK
2010,CPB
2011,BIG
2012,NGC
2013,HTEC
2014,GTEK
2015,FAIL
2016,IVE
2017,INSW
2018,ACEL
2019,NAN
2020,VDC
2021,FDWM
2022,CSR
2023,SMMD
2024,NRGU
2025,NX
2026,PJAN
2027,BCX
2028,BOAC
2029,NGVC
2030,SHAG
2031,CTVA
2032,AFGD
2033,EWSC
2034,EZM
2035,TIME
2036,REV
2037,FITB
2038,SPYC
2039,PFSI
2040,FSEP
2041,SPVU
2042,WE
2043,HBI
2044,IHE
2045,RNR
2046,SDD
2047,BCAT
2048,EMAN
2049,ADI
2050,SPDW
2051,TFX
2052,ABEQ
2053,CSAN
2054,MOHR
2055,BXMX
2056,FFSG
2057,RIGS
2058,UBR
2059,DGT
2060,PGZ
2061,EXPR
2062,EVC
2063,WLKP
2064,NTKI
2065,ROM
2066,SOJD
2067,MX
2068,KSTR
2069,ABG
2070,YSEP
2071,DIA
2072,VT
2073,PLM
2074,IJR
2075,ALCC
2076,ACDI
2077,GSSC
2078,RWR
2079,TGB
2080,AVAN
2081,CRL
2082,MSTB
2083,VIRS
2084,EUM
2085,PNNT
2086,HPP
2087,EW
2088,VVR
2089,WEL
2090,HHH
2091,QTJL
2092,FUTR
2093,HXL
2094,KMLM
2095,CCK
2096,CHPT
2097,CTEC
2098,CCM
2099,LABU
2100,SEM
2101,KALL
2102,VCLO
2103,AEM
2104,NETI
2105,FAN
2106,DSEP
2107,PRS
2108,HLGN
2109,ECH
2110,JJM
2111,GPL
2112,PNI
2113,QUAD
2114,PHD
2115,YTPG
2116,FSMO
2117,CNDA
2118,BBUC
2119,EAGG
2120,IAPR
2121,TPH
2122,DXCM
2123,GAMR
2124,BITE
2125,MEG
2126,SOL
2127,ACM
2128,IRM
2129,SFL
2130,APG
2131,WEBS
2132,CLDT
2133,GLIF
2134,AVEM
2135,HYDW
2136,ARES
2137,KFS
2138,MUR
2139,THO
2140,AJXA
2141,FLTB
2142,IBDU
2143,TCAP
2144,VNQ
2145,WTRG
2146,UAA
2147,HOV
2148,FLQD
2149,OACP
2150,JJP
2151,OVS
2152,PFFA
2153,SPXC
2154,OPY
2155,SD
2156,TPLE
2157,WTMF
2158,FSYD
2159,FOX
2160,MMTM
2161,GWRE
2162,TFLO
2163,AZAJ
2164,PL
2165,TIPZ
2166,FLS
2167,IBHD
2168,IFF
2169,SYY
2170,SSG
2171,IWIN
2172,BK
2173,CHIC
2174,MIDU
2175,NAD
2176,SCC
2177,ASG
2178,OWL
2179,VTR
2180,SPLB
2181,VICI
2182,ATVI
2183,FAZ
2184,SAVE
2185,SWN
2186,DINT
2187,GOOGL
2188,IDMO
2189,AAIC
2190,CX
2191,EDR
2192,FEDM
2193,PNL
2194,NMI
2195,IRVH
2196,TROX
2197,KWEB
2198,DUHP
2199,NOG
2200,DRN
2201,BGS
2202,DBJA
2203,BFEB
2204,ONTF
2205,CSH
2206,WCN
2207,VSH
2208,BTU
2209,USAS
2210,UPAR
2211,HZN
2212,IFN
2213,ZIG
2214,JHAA
2215,SKF
2216,TLTD
2217,NACP
2218,PRBM
2219,CATO
2220,REX
2221,TDTT
2222,SKYH
2223,CRAK
2224,UGIC
2225,WBIF
2226,ZGN
2227,NIFE
2228,NNY
2229,CRH
2230,BBUS
2231,KB
2232,R
2233,ZETA
2234,BSMX
2235,IX
2236,MEAR
2237,YMAR
2238,MOTE
2239,EQAL
2240,JJT
2241,GRZZ
2242,WIP
2243,BOND
2244,UJUN
2245,SATO
2246,UUUU
2247,SBBA
2248,BGB
2249,LCTX
2250,TBF
2251,FDHY
2252,TSCO
2253,MLSS
2254,VBR
2255,IAUM
2256,UA
2257,EWW
2258,HPQ
2259,MUC
2260,CNMD
2261,TINT
2262,RJA
2263,SPNT
2264,NCLH
2265,IHY
2266,VV
2267,EEA
2268,ILTB
2269,PSDN
2270,CFCV
2271,XLE
2272,USD
2273,XDJA
2274,BBP
2275,PAUG
2276,PHGE
2277,SGDM
2278,TRIG
2279,ZVV
2280,STC
2281,FSV
2282,APA
2283,AOR
2284,REET
2285,ETY
2286,MAXR
2287,VFMO
2288,WEBL
2289,RVNU
2290,JEQ
2291,FEZ
2292,DJCB
2293,RWO
2294,FLNG
2295,BEN
2296,AMPS
2297,BRBR
2298,UTG
2299,BOH
2300,IVZ
2301,HBB
2302,SPCE
2303,CPI
2304,CALF
2305,DBI
2306,TFSA
2307,SRE
2308,GAU
2309,EMP
2310,FBND
2311,MA
2312,PRLB
2313,EWN
2314,ARMR
2315,MGRB
2316,EVEX
2317,UTRN
2318,BHP
2319,GSK
2320,RAVI
2321,VLUE
2322,VNCE
2323,PBT
2324,XHE
2325,FFTG
2326,HAIL
2327,SOLN
2328,ZEPP
2329,TDS
2330,POR
2331,GBX
2332,FLHK
2333,JHMH
2334,PSY
2335,SONY
2336,GSL
2337,SR
2338,OVF
2339,UJAN
2340,YELP
2341,CNBS
2342,ESGS
2343,GFF
2344,GWX
2345,HIPO
2346,NIE
2347,IDHQ
2348,TCOA
2349,CORN
2350,HLI
2351,OVB
2352,W
2353,FBHS
2354,TDW
2355,WSO
2356,IBDP
2357,LT.NS
2358,CAT
2359,LFC
2360,KCE
2361,WRE
2362,BG
2363,MPLN
2364,AAT
2365,LYFE
2366,TRI
2367,DGIN
2368,IDIV
2369,CGDV
2370,CXM
2371,ITRG
2372,DLTR
2373,EVR
2374,NNI
2375,AWI
2376,IHTA
2377,CLIX
2378,CEI
2379,MDLZ
2380,STRE
2381,PFD
2382,NDSN
2383,TIXT
2384,DEHP
2385,GSY
2386,SDY
2387,HEWJ
2388,EDI
2389,HYD
2390,EEMV
2391,OG
2392,WEAT
2393,OLP
2394,VB
2395,GCP
2396,RGT
2397,FLCB
2398,KOF
2399,TIP
2400,EMTL
2401,ONTO
2402,AFTR
2403,TEVA
2404,HEQ
2405,NOAH
2406,WEBR
2407,HFGO
2408,NFNT
2409,ROMO
2410,CHIQ
2411,FPAG
2412,GPRK
2413,ROG
2414,HHLA
2415,KAHC
2416,MJ
2417,ACRE
2418,CEQP
2419,OPTT
2420,VEL
2421,WBA
2422,RCUS
2423,HYS
2424,FFA
2425,JHG
2426,VGI
2427,CXH
2428,SPTM
2429,COOK
2430,JAGG
2431,DOCN
2432,COMB
2433,TSPA
2434,AUGZ
2435,CL
2436,KLDW
2437,KMB
2438,KBND
2439,IBMQ
2440,CAPD
2441,HILS
2442,BAX
2443,PXD
2444,BP
2445,CURO
2446,SCHM
2447,WAVC
2448,SPOT
2449,PDS
2450,SLVM
2451,ENOV
2452,NAPR
2453,DOMA
2454,MAKX
2455,MOOD
2456,BVH
2457,DX
2458,SRLN
2459,AVES
2460,THR
2461,FLCA
2462,BTO
2463,SFY
2464,JBL
2465,FACA
2466,BRDS
2467,KSCD
2468,KIE
2469,JEMA
2470,MQY
2471,JMEE
2472,VFMF
2473,ABEV
2474,AA
2475,MRK
2476,ANVS
2477,KUKE
2478,VERS
2479,PM
2480,PLG
2481,LTHM
2482,UZE
2483,LRCX
2484,HMA
2485,SEMI
2486,DOCS
2487,KIO
2488,NMM
2489,TIPD
2490,KARS
2491,SMDV
2492,JGH
2493,ALTL
2494,AMRX
2495,MAX
2496,PFFD
2497,SEMR
2498,SNX
2499,QVMM
2500,TENG
2501,CN
2502,BODY
2503,CNP
2504,GSBD
2505,WDC
2506,VIS
2507,LABD
2508,CNDB
2509,THY
2510,BRKY
2511,HCXY
2512,CMBS
2513,THG
2514,OILD
2515,KMF
2516,FENY
2517,XRLV
2518,EEMD
2519,PCOR
2520,MINN
2521,TWNI
2522,RZV
2523,DIT
2524,AGR
2525,KSA
2526,MJIN
2527,UMI
2528,TECHM.NS
2529,SCCO
2530,VALQ
2531,SCHD
2532,VCXB
2533,CAE
2534,EQL
2535,PBSM
2536,BGH
2537,DFNL
2538,BIZD
2539,SHI
2540,BMTX
2541,CLIM
2542,AXL
2543,MAV
2544,BLW
2545,MATX
2546,TSOC
2547,HMLP
2548,NUHY
2549,FEDU
2550,FREY
2551,KOTAKBANK.NS
2552,AMPY
2553,IQSI
2554,CGUS
2555,VEGN
2556,TVC
2557,ZVIA
2558,RL
2559,ARI
2560,WMK
2561,EZU
2562,WRND
2563,RA
2564,NML
2565,XLRE
2566,AMC
2567,CEW
2568,FCAX
2569,FLEH
2570,USRT
2571,ESGA
2572,ESG
2573,SEF
2574,CEV
2575,SRL
2576,DHI
2577,XFLT
2578,ON
2579,GLT
2580,BTHM
2581,WLDR
2582,DTM
2583,DMF
2584,DY
2585,NHS
2586,KWR
2587,PSFF
2588,DDWM
2589,RAAS
2590,OBE
2591,FN
2592,EARN
2593,SE
2594,GYLD
2595,IAGG
2596,VOOG
2597,F
2598,WTW
2599,JHMM
2600,ULTRACEMCO.NS
2601,GOOS
2602,SEA
2603,TV
2604,WH
2605,FEEM
2606,VRSK
2607,CULP
2608,GBL
2609,IYE
2610,KBA
2611,EDOG
2612,SSUS
2613,TKC
2614,AER
2615,GNK
2616,FNDB
2617,TAN
2618,AFTY
2619,CIO
2620,UMC
2621,XBB
2622,AGCO
2623,THW
2624,PSCJ
2625,FAUG
2626,MMP
2627,IWB
2628,MGMT
2629,SAND
2630,GGZ
2631,CCRV
2632,FTEC
2633,FBC
2634,SI
2635,XITK
2636,LEXI
2637,VKI
2638,DAUG
2639,USL
2640,CEA
2641,ICF
2642,NHI
2643,STLV
2644,BGR
2645,RIV
2646,DBL
2647,UAVS
2648,CAG
2649,OEC
2650,BJUL
2651,HUBB
2652,ELQD
2653,SJM
2654,VNRX
2655,MPV
2656,MRAD
2657,MFG
2658,MITQ
2659,HTFC
2660,XBTF
2661,ICOW
2662,SMLV
2663,LDUR
2664,KO
2665,MBCC
2666,CSTA
2667,EOS
2668,JFR
2669,CACI
2670,MNSO
2671,WAT
2672,SPHQ
2673,ACWF
2674,RFG
2675,BDRY
2676,BFK
2677,DAT
2678,AZAL
2679,CRC
2680,Y
2681,JPIE
2682,GVAL
2683,AMGN
2684,JIB
2685,FMY
2686,WRK
2687,AOA
2688,AEF
2689,TFI
2690,FTHY
2691,EME
2692,AMER
2693,RYE
2694,PDEC
2695,HDEF
2696,XDSQ
2697,PDT
2698,PNTM
2699,EUO
2700,XSHQ
2701,SPR
2702,MD
2703,BJUN
2704,NBDS
2705,VZIO
2706,MTH
2707,CRGY
2708,EP
2709,FRO
2710,ENV
2711,VSPY
2712,SPG
2713,FANG
2714,MYI
2715,SRP
2716,BWX
2717,MITT
2718,TMHC
2719,MVRL
2720,ASGI
2721,ALC
2722,IPVF
2723,TCS
2724,BLKC
2725,FMAY
2726,NXC
2727,BH
2728,RRAC
2729,NTB
2730,SPCZ
2731,IHF
2732,DHF
2733,DEA
2734,MIN
2735,BBU
2736,PAGS
2737,PIPP
2738,GLDG
2739,RULE
2740,BBDO
2741,DEM
2742,BKSB
2743,MFA
2744,YALA
2745,ZTS
2746,GDX
2747,IVAL
2748,SXI
2749,IDEV
2750,GJT
2751,STT
2752,WIL
2753,VIOO
2754,XMLV
2755,DSX
2756,SNOW
2757,BNDD
2758,CWEN
2759,JKS
2760,CHIE
2761,IFS
2762,GNT
2763,AMAM
2764,ETWO
2765,MUSA
2766,KGHG
2767,SJIV
2768,NRGD
2769,BACA
2770,CGGR
2771,EVF
2772,TFII
2773,MTZ
2774,MOD
2775,EPRE
2776,SPTS
2777,BCI
2778,PTEC
2779,CYA
2780,QRFT
2781,ATIP
2782,INDF
2783,FINV
2784,BHVN
2785,RXI
2786,ATEK
2787,SPUC
2788,FBT
2789,MPAY
2790,EPC
2791,KAR
2792,NDVG
2793,XLU
2794,BILL
2795,CHE
2796,RDFI
2797,DLG
2798,TPHE
2799,HIL
2800,CMF
2801,EPHE
2802,GSEE
2803,KOLD
2804,BR
2805,TWM
2806,CLB
2807,GEO
2808,SCJ
2809,IRS
2810,PPLT
2811,GSFP
2812,TSLA
2813,YOLO
2814,CLDS
2815,EAD
2816,AGGY
2817,HDGE
2818,USO
2819,AM
2820,CFG
2821,XLG
2822,GMF
2823,FXL
2824,XDOC
2825,SWK
2826,CCS
2827,OILK
2828,AMX
2829,BLE
2830,EFO
2831,XMHQ
2832,KHYB
2833,BRFS
2834,ITEQ
2835,JRI
2836,FEI
2837,SEDA
2838,ACH
2839,DGS
2840,AMK
2841,FEO
2842,SIG
2843,USX
2844,MTL
2845,SOXS
2846,BLD
2847,AXAC
2848,ZECP
2849,BCC
2850,TTM
2851,CRI
2852,EFNL
2853,SPHB
2854,JELD
2855,SAFE
2856,ANAC
2857,IVRA
2858,ESHY
2859,KRC
2860,CHS
2861,IYY
2862,MAG
2863,UTZ
2864,AIF
2865,MVT
2866,HR
2867,GEHI
2868,RSG
2869,MEXX
2870,SVIX
2871,CLAA
2872,AB
2873,EAOK
2874,SPXS
2875,MIMO
2876,SPTL
2877,IFED
2878,JHEM
2879,BATT
2880,MOO
2881,YXI
2882,FNOV
2883,GIC
2884,WSR
2885,SPLG
2886,ILCB
2887,IYW
2888,JHMI
2889,OSI
2890,BY
2891,SYII
2892,TMFC
2893,SWT
2894,ABR
2895,STX
2896,DAVA
2897,MCR
2898,PAM
2899,ROAM
2900,GIS
2901,LDOS
2902,AEG
2903,TLTE
2904,FTEV
2905,ACR
2906,GTE
2907,TARO
2908,DGX
2909,IBHI
2910,BKT
2911,EMLP
2912,INDS
2913,FLHY
2914,CCO
2915,IPOD
2916,SDGA
2917,IVOV
2918,GRN
2919,DUDE
2920,MBSC
2921,G
2922,SMN
2923,YOU
2924,FHN
2925,GRES
2926,ARCO
2927,CTO
2928,ACTV
2929,IRT
2930,PBND
2931,ESS
2932,HEDJ
2933,RCB
2934,VTOL
2935,NBB
2936,FXG
2937,PB
2938,KRBN
2939,ISZE
2940,DLS
2941,BERZ
2942,PEJ
2943,HOMZ
2944,KOIN
2945,CTOS
2946,NLY
2947,PBD
2948,JUSA
2949,NYCB
2950,MLPX
2951,JJN
2952,BKN
2953,SPT
2954,EMTY
2955,KTN
2956,LAC
2957,NUSI
2958,SMFG
2959,FISR
2960,DWIN
2961,ULE
2962,MAR
2963,HBM
2964,CHIM
2965,GRU
2966,HUBS
2967,IPAC
2968,NKG
2969,CHIU
2970,LMP
2971,BOAT
2972,PSFM
2973,LUMN
2974,ITA
2975,MUFG
2976,TRFM
2977,SYF
2978,XRMI
2979,STG
2980,TMV
2981,KEY
2982,PFLT
2983,WES
2984,IAUF
2985,BBIN
2986,FPI
2987,XHR
2988,UHT
2989,GROY
2990,ACN
2991,FEDL
2992,IQI
2993,RWL
2994,RSF
2995,THCX
2996,FLGB
2997,ARGT
2998,ELC
2999,DIN
3000,CHIK
3001,FCOM
3002,VLU
3003,KW
3004,KTEC
3005,FMNY
3006,FDEM
3007,BRCC
3008,DTF
3009,FLV
3010,MFDX
3011,DOLE
3012,DG
3013,NS
3014,COST
3015,SAIC
3016,PWS
3017,BWNB
3018,FINS
3019,NCA
3020,AFK
3021,NUO
3022,XMVM
3023,PSJ
3024,AEO
3025,XSD
3026,MUI
3027,APH
3028,CVE
3029,DFIC
3030,SUZ
3031,NSS
3032,OSH
3033,RPG
3034,THC
3035,ELA
3036,BE
3037,DCP
3038,CMDY
3039,USMF
3040,DMCY
3041,WEED
3042,SIF
3043,GDDY
3044,SA
3045,IYH
3046,CNQ
3047,MS
3048,DCI
3049,CET
3050,GPK
3051,HRI
3052,EDV
3053,JBI
3054,TPC
3055,HUGS
3056,EELV
3057,WIT
3058,WEA
3059,GRNB
3060,LVOL
3061,XHYI
3062,PENN
3063,NVS
3064,GVIP
3065,CMC
3066,BQ
3067,JMUB
3068,USHY
3069,JWN
3070,FLQE
3071,IQLT
3072,ROKT
3073,MEC
3074,SPFF
3075,GQRE
3076,DPSI
3077,AZAA
3078,FFND
3079,DTB
3080,PINE
3081,BRF
3082,WBEV
3083,BBH
3084,FITE
3085,PSMM
3086,KMT
3087,TCS.NS
3088,TEMP
3089,PRM
3090,DBMF
3091,BIT
3092,VVO
3093,TRN
3094,NJR
3095,CMS
3096,MOAT
3097,ECOM
3098,FSLD
3099,HDLB
3100,PDO
3101,NETC
3102,DBGR
3103,EAI
3104,LRGF
3105,CRHC
3106,MOTO
3107,AAQC
3108,HASI
3109,ESM
3110,REGN
3111,MVV
3112,CPTK
3113,MCG
3114,PLTL
3115,GTY
3116,AMN
3117,CXE
3118,JNPR
3119,YSG
3120,GPI
3121,FDEC
3122,PCF
3123,TGT
3124,CEFS
3125,DFAT
3126,METV
3127,AGOX
3128,JDW
3129,PSI
3130,IJS
3131,ESGG
3132,FDX
3133,RINF
3134,URE
3135,OPPX
3136,ASXC
3137,TSE
3138,EVM
3139,HEWC
3140,NSR
3141,GVLU
3142,EOT
3143,QSR
3144,PBS
3145,MTN
3146,OBND
3147,PXE
3148,DISH
3149,CHAU
3150,NILE
3151,NFLT
3152,LXP
3153,GFLU
3154,AFGB
3155,RSPY
3156,AIN
3157,SBND
3158,ACII
3159,SPH
3160,FLMI
3161,WWW
3162,TYL
3163,PPT
3164,NSCS
3165,IBHH
3166,CABO
3167,GLTA
3168,TRFK
3169,ELD
3170,IBHG
3171,MIDF
3172,MPRO
3173,EHC
3174,LEG
3175,PAWZ
3176,GOF
3177,CMI
3178,VMC
3179,VSS
3180,MKTX
3181,AZBA
3182,RDY
3183,RHTX
3184,FCN
3185,JOF
3186,GSUS
3187,SHAP
3188,DSTL
3189,EWC
3190,LSST
3191,PAYC
3192,ECVT
3193,BBAI
3194,SOR
3195,ORFN
3196,EVI
3197,XSW
3198,AGAC
3199,BAPR
3200,SSY
3201,QLVD
3202,PUMP
3203,CBL
3204,IRBA
3205,WBS
3206,MAC
3207,FFR
3208,PWR
3209,UITB
3210,SPHD
3211,MXI
3212,GXC
3213,TGI
3214,FXR
3215,PSR
3216,KCGI
3217,CMTG
3218,SPD
3219,ETR
3220,DFIN
3221,JPUS
3222,SMMV
3223,PAI
3224,VDNI
3225,RFV
3226,SIM
3227,YPS
3228,IDAT
3229,GDXU
3230,SVAL
3231,IFRA
3232,PGP
3233,WK
3234,STAG
3235,DISV
3236,HQL
3237,XLB
3238,BMAC
3239,BLK
3240,DDD
3241,JUST
3242,ERY
3243,STK
3244,FLGR
3245,BTCR
3246,EPAC
3247,RIGZ
3248,CBRE
3249,CIF
3250,FUL
3251,TCI
3252,ZOM
3253,DXD
3254,DLNG
3255,RLY
3256,GTN
3257,PDM
3258,SCDL
3259,TECH
3260,NGS
3261,IPOS
3262,BSL
3263,JCPI
3264,IS
3265,IWFG
3266,EDEN
3267,ITV
3268,CNVY
3269,BZH
3270,FDLO
3271,ROSC
3272,CSD
3273,RUFF
3274,WMB
3275,DPST
3276,XHYD
3277,FRXB
3278,DINO
3279,FPEI
3280,DYLD
3281,AOK
3282,EICA
3283,USVT
3284,VIAO
3285,MOV
3286,HIG
3287,KBR
3288,SMOG
3289,MOTI
3290,AIM
3291,NVGS
3292,SHE
3293,GNRC
3294,CSV
3295,IYT
3296,TBB
3297,PTNQ
3298,PTIN
3299,AVD
3300,FPH
3301,XPL
3302,SDCI
3303,NIMC
3304,RYF
3305,FFEB
3306,EEMX
3307,NVRO
3308,JBK
3309,AMAX
3310,PCPC
3311,FNA
3312,VIXM
3313,SBSW
3314,SCCB
3315,EVV
3316,CMRE
3317,ASHR
3318,HOM
3319,FLTR
3320,CMCM
3321,PBEE
3322,DVYA
3323,PBJ
3324,HYGI
3325,CTS
3326,XRAY
3327,BKD
3328,CF
3329,TJX
3330,EBR
3331,NSTC
3332,GCIG
3333,CHTR
3334,SCHH
3335,VNM
3336,CAL
3337,ES
3338,JIGB
3339,LEA
3340,CVEO
3341,UCO
3342,JEPI
3343,VAL
3344,SNP
3345,AAAU
3346,RJN
3347,IGE
3348,HDV
3349,SCI
3350,IR
3351,APXH
3352,BRK-B
3353,BTG
3354,CP
3355,RKLY
3356,IBHC
3357,DGZ
3358,KFVG
3359,EURN
3360,TRNO
3361,KIND
3362,LXFR
3363,PAMC
3364,CVII
3365,MNA
3366,WBIL
3367,USAC
3368,ITM
3369,FPX
3370,XPH
3371,DPG
3372,LQD
3373,SUP
3374,BW
3375,HMC
3376,GBF
3377,ECOZ
3378,VCR
3379,UDR
3380,IMAX
3381,BFIX
3382,SJT
3383,LOKM
3384,SRI
3385,NTR
3386,EGHT
3387,CCL
3388,DBJP
3389,UNFI
3390,ENR
3391,TRCA
3392,GJO
3393,TMF
3394,AAL
3395,BNO
3396,CMSA
3397,FNDX
3398,NLOK
3399,QMN
3400,TMFS
3401,BITI
3402,KD
3403,GUSA
3404,MBOX
3405,IDW
3406,QQ
3407,PALL
3408,NBCC
3409,LKOR
3410,CND
3411,OTIS
3412,GLL
3413,GUG
3414,MIG
3415,FVRR
3416,HFXI
3417,JAAA
3418,ASM
3419,AJX
3420,HEWU
3421,FBP
3422,SKM
3423,AIIQ
3424,FNGS
3425,KNSL
3426,PWB
3427,OEF
3428,TINV
3429,FDHT
3430,GMS
3431,KRO
3432,UE
3433,BUL
3434,PHR
3435,USEQ
3436,IJK
3437,NPK
3438,BKF
3439,TD
3440,WLYB
3441,AMZA
3442,HEI
3443,UNH
3444,QFTA
3445,KLAC
3446,FMAG
3447,BHLB
3448,EPS
3449,IXP
3450,NSA
3451,NZF
3452,ZEV
3453,JHMD
3454,KOMP
3455,SHPP
3456,FDIS
3457,NRO
3458,IYJ
3459,VBK
3460,STAR
3461,BB
3462,BUR
3463,ISCB
3464,CCCS
3465,JHMT
3466,TEP
3467,UDOW
3468,SIFI
3469,HPS
3470,BIO
3471,BHIL
3472,XHS
3473,NOW
3474,KLR
3475,WBX
3476,DHT
3477,REI
3478,SYUS
3479,XHYT
3480,BLOK
3481,WRAC
3482,UDI
3483,CPK
3484,SPI
3485,ESBA
3486,AVSD
3487,EFT
3488,CZA
3489,COW
3490,HZON
3491,IWDL
3492,VCAR
3493,PHI
3494,ASX
3495,PRPB
3496,TPOR
3497,COO
3498,NESTLEIND.NS
3499,CRS
3500,LVHI
3501,DIV
3502,PMM
3503,IVH
3504,AMTD
3505,AI
3506,GF
3507,TOLZ
3508,AIU
3509,VTV
3510,CPER
3511,NVTA
3512,ISVL
3513,JPRE
3514,B
3515,ESIX
3516,DFHY
3517,AEFC
3518,IGM
3519,PAXS
3520,IGLD
3521,KORP
3522,IHI
3523,NUS
3524,NIWM
3525,PFS
3526,JSCP
3527,XLV
3528,FMC
3529,SUPR
3530,EWRE
3531,NTP
3532,UMAY
3533,TGIF
3534,MNST
3535,SCS
3536,CPUH
3537,MNP
3538,KMX
3539,USFD
3540,EBF
3541,VUSE
3542,ROL
3543,OSG
3544,IMPX
3545,HLF
3546,ESE
3547,IP
3548,RCG
3549,FXE
3550,ACRO
3551,IVDG
3552,HTD
3553,OIL
3554,RACE
3555,GNW
3556,COWZ
3557,PGF
3558,DRV
3559,SBUX
3560,IEIH
3561,VPC
3562,DUSL
3563,VFVA
3564,UVIX
3565,LSAF
3566,AXP
3567,PNOV
3568,LPI
3569,JUN
3570,DLB
3571,MIDE
3572,USM
3573,NLR
3574,DIM
3575,EMBH
3576,IOO
3577,OSCV
3578,GBCI
3579,TTI
3580,UDEC
3581,ELAN
3582,IEUR
3583,EQT
3584,UDN
3585,ODFL
3586,TWI
3587,HCRB
3588,LNC
3589,IIGV
3590,AVTR
3591,VOO
3592,BBY
3593,AMOV
3594,CNHI
3595,CAAP
3596,XTAP
3597,NNVC
3598,LVS
3599,SON
3600,VSGX
3601,MMLG
3602,PLNT
3603,EMSG
3604,OXY
3605,SBB
3606,HTA
3607,ILDR
3608,UVDV
3609,FRT
3610,QJUN
3611,IPG
3612,RAYD
3613,SLQT
3614,CEPU
3615,CVI
3616,DFNV
3617,GIB
3618,ARNC
3619,PSP
3620,TUYA
3621,CIAN
3622,RF
3623,CSL
3624,TPZ
3625,SMTS
3626,NYC
3627,CGGO
3628,ESEB
3629,QDEC
3630,UGCE
3631,WTT
3632,IGEB
3633,XRT
3634,PTLC
3635,EWQ
3636,ZROZ
3637,KORU
3638,PAGE
3639,CEE
3640,RYJ
3641,PSA
3642,IBDR
3643,AVAL
3644,AZO
3645,VFC
3646,LIT
3647,GUSH
3648,IBDW
3649,VNAM
3650,LLY
3651,TUP
3652,WDNA
3653,PETS
3654,SUSA
3655,XOP
3656,NUW
3657,CEIX
3658,FC
3659,UTL
3660,LOPP
3661,FLQH
3662,CNRG
3663,ADC
3664,CHN
3665,PLDR
3666,GLP
3667,EOG
3668,FOCT
3669,EWV
3670,AIC
3671,DFNM
3672,NOVA
3673,ISRA
3674,AMG
3675,EOD
3676,DHX
3677,FACT
3678,GES
3679,RCA
3680,HWKZ
3681,FHLC
3682,LH
3683,WGLD
3684,MATV
3685,AMP
3686,USA
3687,BOB
3688,STLA
3689,EYLD
3690,ICAP
3691,IWY
3692,GIM
3693,ICSH
3694,VPL
3695,XPOF
3696,OCEN
3697,JHMF
3698,SIXJ
3699,PH
3700,ITW
3701,ARR
3702,IBD
3703,MGC
3704,ET
3705,FLZA
3706,BZQ
3707,CLTL
3708,AKA
3709,MIXT
3710,ANEW
3711,MTGP
3712,ILF
3713,XBAP
3714,NMS
3715,BKUS
3716,CRK
3717,ATO
3718,MMD
3719,BEPC
3720,HSC
3721,ACA
3722,BAD
3723,XOUT
3724,WLK
3725,OWLT
3726,SUPV
3727,JIRE
3728,CGAU
3729,CNE
3730,WM
3731,VFQY
3732,FEBZ
3733,LGI
3734,INT
3735,DFND
3736,EAT
3737,BRT
3738,GHM
3739,SPEU
3740,DRSK
3741,TRY
3742,IVLU
3743,HDRO
3744,NWLG
3745,XPEV
3746,ELY
3747,MXF
3748,GFOR
3749,S
3750,ONEY
3751,VCLN
3752,CPRT
3753,CCOR
3754,KOP
3755,WPM
3756,BBSA
3757,KONG
3758,BUFG
3759,MODN
3760,ATA
3761,GGT
3762,CANG
3763,HJEN
3764,WPCA
3765,JOE
3766,GURU
3767,ACSI
3768,INGR
3769,LPL
3770,JRO
3771,KBUY
3772,QTUM
3773,ATI
3774,SCHE
3775,TDTF
3776,OAIE
3777,TGNA
3778,ACI
3779,CLSM
3780,PIFI
3781,SHYD
3782,LCI
3783,QED
3784,CLSE
3785,HVAL
3786,IPO
3787,EWL
3788,JEMD
3789,IIF
3790,NULC
3791,FIBR
3792,SSD
3793,LADR
3794,RFFC
3795,NG
3796,AVSF
3797,JPMB
3798,PYN
3799,CADE
3800,VICE
3801,GKOS
3802,JLS
3803,NEA
3804,OGS
3805,CLM
3806,RZG
3807,CCV
3808,TNP
3809,GHTA
3810,MTDR
3811,RCD
3812,STE
3813,AYI
3814,MFEM
3815,SDPI
3816,OALC
3817,RISN
3818,SRLP
3819,RZA
3820,GBLD
3821,FTLS
3822,XMPT
3823,SHB
3824,AN
3825,TRQ
3826,HESM
3827,BNGE
3828,PDI
3829,AL
3830,GILD
3831,CCI
3832,UNL
3833,RSKD
3834,SES
3835,NTST
3836,KGRO
3837,BUFB
3838,CHMI
3839,PGM
3840,DWX
3841,KEMX
3842,AUST
3843,OGEN
3844,RSEE
3845,BWY
3846,DNL
3847,FF
3848,JMST
3849,ENB
3850,SWCH
3851,BSM
3852,TBT
3853,GINN
3854,TYD
3855,RHI
3856,BRX
3857,QTWO
3858,RVLV
3859,PILL
3860,SNA
3861,HON
3862,GAW
3863,AGIH
3864,UCON
3865,OGCP
3866,IQDE
3867,MWA
3868,SGDJ
3869,ERM
3870,HIX
3871,RCFA
3872,TILL
3873,DFJ
3874,EMX
3875,AGTI
3876,GJH
3877,AXS
3878,DEIF
3879,CTA
3880,DAO
3881,YYY
3882,IGRO
3883,KNGS
3884,FXO
3885,XAR
3886,PATH
3887,LCII
3888,MSB
3889,REXR
3890,TTC
3891,ARIS
3892,BKH
3893,AVY
3894,ADX
3895,OWNS
3896,EET
3897,SHUS
3898,XNTK
3899,PYT
3900,UKW
3901,UCIB
3902,QVCD
3903,JCI
3904,CLVT
3905,GL
3906,DDS
3907,BRO
3908,TPYP
3909,IQDF
3910,BMA
3911,AGG
3912,BALY
3913,HINDALCO.NS
3914,NOVZ
3915,NC
3916,ETO
3917,ATGE
3918,SPMD
3919,SOYB
3920,GAPA
3921,CHH
3922,LOUP
3923,VFH
3924,ACC
3925,MNRL
3926,BHARTIARTL.NS
3927,RESP
3928,DS
3929,BSX
3930,DBEM
3931,V
3932,HAE
3933,MFGP
3934,MOGU
3935,GRF
3936,IGG
3937,GHL
3938,FLAU
3939,PAVE
3940,ROK
3941,VRSN
3942,BNDC
3943,GHYB
3944,WINN
3945,FCIT
3946,YPF
3947,BOOT
3948,EBAY
3949,SJW
3950,CPG
3951,IEZ
3952,RWVG
3953,VRP
3954,GLW
3955,BV
3956,GREI
3957,AREN
3958,GFX
3959,MYO
3960,NFGC
3961,TELZ
3962,AJRD
3963,AFL
3964,QINT
3965,GLRY
3966,MCD
3967,MAYZ
3968,RTAI
3969,GLO
3970,KOS
3971,LW
3972,IBLC
3973,UBP
3974,VFMV
3975,DT
3976,SDEM
3977,AUSF
3978,IBA
3979,DUST
3980,SKLZ
3981,SVS
3982,MXC
3983,INQQ
3984,PMO
3985,CEM
3986,IBM
3987,BFLY
3988,RIET
3989,TNA
3990,MTCH
3991,BCO
3992,YRD
3993,LODE
3994,REPX
3995,MLPA
3996,PGAL
3997,SCHR
3998,RLX
3999,FIS
4000,ERF
4001,GBLI
4002,APD
4003,SF
4004,FDEV
4005,BWZ
4006,ENS
4007,DXJ
4008,PCQ
4009,VYGG
4010,CLS
4011,RVT
4012,FLO
4013,GLOV
4014,STNG
4015,VUG
4016,XWEB
4017,LXU
4018,ID
4019,AXH
4020,MPA
4021,DFSV
4022,HAP
4023,CE
4024,QEFA
4025,JKHY
4026,EWH
4027,PV
4028,MHF
4029,ABM
4030,VLO
4031,ABC
4032,RWT
4033,SMP
4034,ASAQ
4035,SILV
4036,MHD
4037,FPRO
4038,MRSK
4039,JOJO
4040,MSOS
4041,FLSW
4042,PVI
4043,PMX
4044,NYF
4045,KAI
4046,IGN
4047,BKI
4048,ITT
4049,SITC
4050,GPOR
4051,MED
4052,TWOA
4053,VAW
4054,FGLD
4055,BIL
4056,RIO
4057,AP
4058,LTPZ
4059,VOX
4060,SII
4061,JOBY
4062,CANO
4063,TMAC
4064,HJPX
4065,TEX
4066,TRTX
4067,AWF
4068,EINC
4069,PEB
4070,UIS
4071,KODK
4072,QEMM
4073,EQHA
4074,RFCI
4075,PPI
4076,TME
4077,XBI
4078,HMOP
4079,BIPC
4080,VNSE
4081,ISWN
4082,EIRL
4083,INAQ
4084,EUSC
4085,EFIV
4086,TRT
4087,FATH
4088,ORLY
4089,CBT
4090,COHN
4091,IAG
4092,CB
4093,TMDV
4094,SJIJ
4095,GBAB
4096,EWUS
4097,PGRU
4098,EFAD
4099,LIN
4100,NSTB
4101,SWI
4102,BKHY
4103,IOR
4104,HAUZ
4105,CLNR
4106,PJP
4107,PTC
4108,CPT
4109,RGI
4110,KEUA
4111,PLX
4112,HLGE
4113,BGSF
4114,APRN
4115,TEO
4116,EFC
4117,ADBE
4118,ROUS
4119,DUKB
4120,FHI
4121,QMOM
4122,AWK
4123,EC
4124,AVUS
4125,MSMR
4126,GCI
4127,LOCC
4128,DFIP
4129,GOVT
4130,AMH
4131,OSCR
4132,SIXA
4133,DRQ
4134,IGC
4135,SLYG
4136,FVT
4137,AMBP
4138,DFEN
4139,TDV
4140,PD
4141,PGR
4142,APOLLOHOSP.NS
4143,NE
4144,IMTB
4145,FLT
4146,SLCA
4147,ALX
4148,MMU
4149,FMX
4150,RFL
4151,FLGV
4152,ASPY
4153,TAP
4154,IWG
4155,RMED
4156,AIZ
4157,VAPO
4158,VO
4159,IPOF
4160,ZION
4161,SIXH
4162,SPXB
4163,KJUL
4164,AXR
4165,FLBR
4166,BHC
4167,UNMA
4168,PSMG
4169,SBH
4170,DBE
4171,TEN
4172,MCRO
4173,RERE
4174,ARDC
4175,DMB
4176,HDB
4177,WGO
4178,WYNN
4179,ISMD
4180,EMWP
4181,MUX
4182,HELX
4183,UZD
4184,EVNT
4185,FLIY
4186,SUBS
4187,BNS
4188,RGS
4189,CDRE
4190,NWS
4191,CNS
4192,NMAI
4193,CAPL
4194,BFH
4195,BCSF
4196,UOCT
4197,TRIS
4198,SPAK
4199,SMB
4200,BOWL
4201,RWX
4202,DASH
4203,SGOV
4204,IQSU
4205,HEFA
4206,FAST
4207,IVLC
4208,SEPZ
4209,IMCB
4210,NVR
4211,XTNT
4212,AEVA
4213,IAI
4214,SDP
4215,CUT
4216,KFY
4217,PSTP
4218,EVEN
4219,FPF
4220,TSM
4221,ELMD
4222,AEMB
4223,MOON
4224,FUNL
4225,HSY
4226,PLTR
4227,MSM
4228,SPUS
4229,WFHY
4230,ADRT
4231,FXN
4232,WDH
4233,OUNZ
4234,QWLD
4235,KIQ
4236,LRND
4237,RFMZ
4238,SPXV
4239,DIVB
4240,ECL
4241,SAT
4242,TAK
4243,QDF
4244,STXS
4245,CGXU
4246,ADNT
4247,ESGV
4248,BOXD
4249,PBA
4250,GPMT
4251,RONI
4252,KAMN
4253,BNE
4254,EBND
4255,GRG
4256,GDOT
4257,JVAL
4258,EMQQ
4259,IBDN
4260,ATFV
4261,AWAY
4262,BKAG
4263,ASIX
4264,DIG
4265,TK
4266,PKG
4267,WTV
4268,AR
4269,IDXX
4270,SPXX
4271,DFEV
4272,PICB
4273,IVV
4274,NLSN
4275,SRTY
4276,DFAI
4277,IWN
4278,OND
4279,IEV
4280,MG
4281,BKU
4282,TEAF
4283,WWOW
4284,CTLT
4285,DDT
4286,NOV
4287,KFYP
4288,MMM
4289,AGZ
4290,KOCG
4291,LAD
4292,LOCL
4293,TPK
4294,PZG
4295,EVBN
4296,TLYS
4297,PEXL
4298,BBJP
4299,TREX
4300,ALG
4301,ERO
4302,WUGI
4303,PZT
4304,KOKU
4305,IPB
4306,URI
4307,MU
4308,CTXS
4309,SSPY
4310,JRE
4311,NURE
4312,CEFD
4313,SMLP
4314,HEEM
4315,CIM
4316,SBUG
4317,SPSK
4318,BSIG
4319,KTH
4320,JPI
4321,MVF
4322,DK
4323,SDS
4324,FTF
4325,PRGO
4326,NDMO
4327,VTEB
4328,VYM
4329,XJUN
4330,FRI
4331,TAIL
4332,GOL
4333,ENPH
4334,FSK
4335,APLE
4336,BEPI
4337,JCTR
4338,UBER
4339,WNNR
4340,SHYL
4341,TBI
4342,DECK
4343,ITAN
4344,TSI
4345,SWX
4346,TGS
4347,PVH
4348,CXW
4349,SAA
4350,PSMR
4351,BKSE
4352,IAT
4353,SPYG
4354,CYB
4355,BGX
4356,PSCW
4357,RCC
4358,SKE
4359,DUK
4360,GATX
4361,NANR
4362,URA
4363,CHRB
4364,DOM
4365,PIAI
4366,ALEX
4367,PRU
4368,EFL
4369,PK
4370,NPTN
4371,LSPD
4372,BLUA
4373,NINE
4374,IGV
4375,RQI
4376,SPDV
4377,NCC
4378,LTL
4379,LDP
4380,NXE
4381,SPTI
4382,AON
4383,INTC
4384,BEDU
4385,ING
4386,IWR
4387,QPX
4388,CWB
4389,TTAI
4390,MUE
4391,BIDS
4392,SPMB
4393,PLRG
4394,RESE
4395,KNOP
4396,ZTO
4397,EXPD
4398,NRZ
4399,ZYME
4400,NETZ
4401,VABS
4402,FGD
4403,MTAL
4404,MINT
4405,IDR
4406,JQUA
4407,MEGI
4408,CTEX
4409,ALB
4410,ARCM
4411,IYG
4412,UTSL
4413,SDEI
4414,STZ
4415,AAC
4416,IDV
4417,TNL
4418,TROW
4419,AMUB
4420,RBOT
4421,ABT
4422,IHS
4423,COTY
4424,AZBO
4425,MSD
4426,PFN
4427,GDL
4428,VSL
4429,IH
4430,ESCR
4431,BDJ
4432,QCOM
4433,SFYF
4434,XDJL
4435,PVAL
4436,HD
4437,XCEM
4438,IRHG
4439,AWX
4440,PUTW
4441,MAMB
4442,PTY
4443,LOPX
4444,EXN
4445,CDNS
4446,KBE
4447,MYN
4448,MXE
4449,FENG
4450,SKY
4451,DMDV
4452,BRDG
4453,GSG
4454,HY
4455,DHR
4456,SLV
4457,IDU
4458,IBMO
4459,SPXE
4460,FET
4461,SXT
4462,GLDM
4463,FFIU
4464,BUFD
4465,SBIO
4466,JPME
4467,EMFQ
4468,SNN
4469,FREL
4470,AMWL
4471,WARR
4472,FEN
4473,CPE
4474,HYHG
4475,SSFI
4476,BULZ
4477,DM
4478,EVT
4479,UCC
4480,EAOA
4481,DLR
4482,NTAP
4483,GLTR
4484,GBLO
4485,EGIS
4486,WRBY
4487,DDEC
4488,CPS
4489,PRK
4490,IEHS
4491,YCL
4492,EIC
4493,MAAX
4494,GBIL
4495,DDL
4496,OIS
4497,SPLP
4498,HUSV
4499,EJAN
4500,ANF
4501,KRP
4502,EATV
4503,MFC
4504,ZTR
4505,D
4506,VOC
4507,FLBL
4508,ENJ
4509,EVRI
4510,EAFD
4511,NWSA
4512,TDSC
4513,DIVS
4514,RODE
4515,SQEW
4516,MARB
4517,SPAB
4518,SIMS
4519,FEIG
4520,MSGE
4521,BSTP
4522,PDN
4523,ESTE
4524,SCHI
4525,GDO
4526,ROSS
4527,STLG
4528,BOAS
4529,UMDD
4530,FOUR
4531,GER
4532,AIRC
4533,HRT
4534,LSF
4535,FUN
4536,BKKT
4537,LOW
4538,PLUS
4539,CMG
4540,WDI
4541,ARGD
4542,NI
4543,EMHY
4544,BLHY
4545,RPM
4546,MID
4547,SQZ
4548,DUSA
4549,MTRN
4550,KKR
4551,EERN
4552,TWND
4553,CPAC
4554,HI
4555,GPJA
4556,HOMB
4557,UMH
4558,BNY
4559,TNET
4560,EWG
4561,SGHC
4562,EXG
4563,JMIA
4564,NIM
4565,CTSH
4566,FNF
4567,TXN
4568,HAS
4569,CARS
4570,PCY
4571,DFAE
4572,FCPI
4573,TCHP
4574,VVX
4575,SPVM
4576,PJUL
4577,QLS
4578,PXJ
4579,NPO
4580,CNA
4581,RKTA
4582,IBDV
4583,EFU
4584,SVOL
4585,BJ
4586,CCZ
4587,BDEC
4588,FMAT
4589,IBN
4590,RLI
4591,SAH
4592,GLU
4593,WEIR
4594,FSI
4595,RMD
4596,YANG
4597,ADT
4598,CMT
4599,BRN
4600,CNR
4601,CBD
4602,DIHP
4603,EB
4604,JWSM
4605,RSP
4606,BKES
4607,MET
4608,ILMN
4609,UPV
4610,SCCD
4611,CIK
4612,ONLN
4613,VIPS
4614,GCC
4615,MLM
4616,RJF
4617,NRP
4618,PHP
4619,QRVO
4620,ULTR
4621,ONGC.NS
4622,IHP
4623,BRG
4624,CIX
4625,JMBS
4626,MINO
4627,FIDI
4628,IBMK
4629,OMF
4630,OPER
4631,SPY
4632,BBSC
4633,FTNT
4634,AMLP
4635,BEST
4636,CEN
4637,NVG
4638,HVT
4639,KMPR
4640,MSN
4641,NYT
4642,PACI
4643,HYMB
4644,BUFT
4645,IYC
4646,PQIN
4647,MTB
4648,NKE
4649,QLD
4650,WBIT
4651,TPB
4652,MAA
4653,BORR
4654,COMP
4655,GOTU
4656,NOC
4657,MBND
4658,VGR
4659,MRC
4660,EWD
4661,CDW
4662,MTUL
4663,FPAC
4664,FGB
4665,ASGN
4666,AVK
4667,NRT
4668,DQ
4669,TRMB
4670,IVR
4671,SMMU
4672,ACVF
4673,TDY
4674,PSFE
4675,ZBH
4676,BFOR
4677,FISV
4678,AORT
4679,VAC
4680,MAGA
4681,NCV
4682,BLX
4683,ZIP
4684,HCI
4685,MLP
4686,AWP
4687,RHS
4688,TAXF
4689,NUDM
4690,IAA
4691,ESAB
4692,AX
4693,ESML
4694,FLTN
4695,AEP
4696,BUFR
4697,GDV
4698,PULS
4699,TKR
4700,IBMP
4701,WPS
4702,WTM
4703,ORI
4704,AMD
4705,UGI
4706,DRIP
4707,BBWI
4708,BILS
4709,YUMC
4710,SSLY
4711,AZEK
4712,DSCF
4713,K
4714,IMCG
4715,SBNY
4716,LTC
4717,KEMQ
4718,QD
4719,USB
4720,RMM
4721,MGA
4722,NTSX
4723,RCS
4724,PHYL
4725,GJP
4726,FNB
4727,CBH
4728,MTR
4729,ITUB
4730,LITB
4731,BAP
4732,ACHR
4733,XSLV
4734,CHRW
4735,QVMS
4736,IOCT
4737,MYOV
4738,ECLN
4739,PHX
4740,HSMV
4741,DEF
4742,WHG
4743,XIN
4744,UEVM
4745,SCUA
4746,DMA
4747,NTSE
4748,CHIR
4749,NMG
4750,EFV
4751,PLOW
4752,CNI
4753,FLEE
4754,REC
4755,USEP
4756,BIIB
4757,LL
4758,UAN
4759,TBUX
4760,MKFG
4761,PPL
4762,CPF
4763,TISI
4764,VGK
4765,TU
4766,UVV
4767,HYXU
4768,SXUS
4769,XES
4770,FSST
4771,VMI
4772,ULST
4773,HYI
4774,EUDG
4775,XHYH
4776,INUV
4777,AQNB
4778,SUB
4779,UFI
4780,MGRD
4781,OFG
4782,VATE
4783,PPTY
4784,PHDG
4785,NRK
4786,PNR
4787,LBRT
4788,JHX
4789,NUV
4790,MGLD
4791,WMS
4792,SGU
4793,MUSI
4794,MTCN
4795,RJAC
4796,JPC
4797,TDF
4798,PORT
4799,FTSD
4800,SLI
4801,VPV
4802,IQDY
4803,IQDG
4804,KYN
4805,NUMV
4806,IBCE
4807,XSMO
4808,FPL
4809,SGOL
4810,MTW
4811,TPHD
4812,NNN
4813,NFJ
4814,RORO
4815,ATC
4816,LEO
4817,IWV
4818,EPU
4819,TX
4820,RSPE
4821,WBT
4822,ATKR
4823,CWS
4824,BKSY
4825,ODC
4826,MOTG
4827,IDLV
4828,LNG
4829,EQX
4830,DBS
4831,CTGO
4832,MJUS
4833,AVLV
4834,RAT
4835,JNJ
4836,FLUD
4837,QCON
4838,SMHB
4839,GROW
4840,INNO
4841,TRV
4842,LHX
4843,HCC
4844,MMC
4845,NR
4846,FSTA
4847,QPFF
4848,EOCW
4849,FLSP
4850,USI
4851,ADRA
4852,VFL
4853,EQH
4854,YEXT
4855,MBAC
4856,QSWN
4857,SCHQ
4858,QQQE
4859,SIJ
4860,CRF
4861,DTH
4862,DXC
4863,JJS
4864,FSMD
4865,RFM
4866,PFC
4867,CLPR
4868,ALV
4869,RGR
4870,JHME
4871,SLVP
4872,PRNT
4873,FLIN
4874,UXI
4875,IQV
4876,EXI
4877,TNK
4878,LOMA
4879,SU
4880,DJIA
4881,RECS
4882,NRUC
4883,CTRE
4884,MMIT
4885,ROBO
4886,XOM
4887,PEAK
4888,UP
4889,BETZ
4890,MDV
4891,NXPI
4892,SOLR
4893,EOCT
4894,IEFA
4895,MSVX
4896,MNM
4897,JATT
4898,RFI
4899,TMFG
4900,FNTC
4901,HUSA
4902,NUSA
4903,EMN
4904,CR
4905,FSLY
4906,UGA
4907,HYG
4908,DBEZ
4909,ERH
4910,CURV
4911,DRH
4912,NGD
4913,MORT
4914,SCHG
4915,UTI
4916,DLA
4917,GAB
4918,IRRX
4919,ABB
4920,NMCO
4921,QDEF
4922,TACK
4923,ATR
4924,VVV
4925,HOC
4926,DGRO
4927,SPYV
4928,DFUS
4929,CMP
4930,GLOB
4931,CHAA
4932,BWSN
4933,CHGX
4934,XPO
4935,IE
4936,PBDM
4937,NBO
4938,ITGR
4939,XTR
4940,BRBS
4941,PRI
4942,PHK
4943,BEDZ
4944,PSMB
4945,BHG
4946,BITO
4947,ITB
4948,BFS
4949,JQC
4950,CANE
4951,PKE
4952,QVAL
4953,FIW
4954,SCL
4955,AAN
4956,CEMB
4957,FXZ
4958,NTSI
4959,IVSG
4960,WPP
4961,XPP
4962,PJT
4963,FSD
4964,MTO
4965,INDO
4966,DFIV
4967,SQM
4968,JSD
4969,YCBD
4970,ATAQ
4971,SFE
4972,WSM
4973,KHC
4974,EPRF
4975,DFAR
4976,AYX
4977,IRBO
4978,HNRA
4979,FDMO
4980,FM
4981,CARR
4982,DJD
4983,JBT
4984,VXZ
4985,FBK
4986,PCN
4987,JEF
4988,FL
4989,IPI
4990,SDHY
4991,BKR
4992,ASAN
4993,BOC
4994,HRB
4995,BIPI
4996,ASPN
4997,FQAL
4998,GOVZ
4999,CVY
5000,MGR
5001,HGV
5002,TOTL
5003,IDME
5004,JJU
5005,UBOT
5006,WFH
5007,NBW
5008,SUNL
5009,HUYA
5010,AMRC
5011,PKB
5012,CPA
5013,NFLX
5014,BGLD
5015,SZC
5016,WRB
5017,FCTR
5018,EDN
5019,STNC
5020,AHH
5021,VIXY
5022,RITA
5023,HGER
5024,IWX
5025,VHT
5026,RFDA
5027,CAJ
5028,APGB
5029,LRNZ
5030,AGD
5031,WEAV
5032,GLIN
5033,PFLD
5034,MBSD
5035,VLD
5036,BXC
5037,SLY
5038,SBII
5039,ALGN
5040,AU
5041,BBD
5042,KJAN
5043,PRAY
5044,ONOF
5045,SHPW
5046,WLTH
5047,FHS
5048,PRO
5049,EDOW
5050,OHI
5051,IBDS
5052,CHIS
5053,PIM
5054,IMOM
5055,DOG
5056,FLRT
5057,PCK
5058,NUSC
5059,FSM
5060,EPOL
5061,FST
5062,RVP
5063,FRNW
5064,EAOM
5065,NXP
5066,BIP
5067,AVIV
5068,CLDL
5069,VSTO
5070,HYTR
5071,MCO
5072,UVE
5073,PSIL
5074,ATTO
5075,FIEE
5076,MCS
5077,ADM
5078,VOYA
5079,ENTR
5080,NEM
5081,ISCG
5082,IMH
5083,TDSE
5084,FRA
5085,INMU
5086,CLR
5087,LICY
5088,LQDB
5089,BBGI
5090,MT
5091,XPND
5092,GSID
5093,SHREECEM.NS
5094,LYG
5095,KLCD
5096,LQIG
5097,FAPR
5098,ASR
5099,CRIT
5100,DFSD
5101,NKX
5102,ISD
5103,DTD
5104,AQNU
5105,SONX
5106,IMLP
5107,WOLF
5108,DIVZ
5109,UYM
5110,KEYS
5111,AGX
5112,AVYA
5113,CNC
5114,AMR
5115,ENPC
5116,SIVR
5117,MINC
5118,THS
5119,PFL
5120,AVNT
5121,JSTC
5122,HYUP
5123,GRBK
5124,JAVA
5125,AQGX
5126,KMPB
5127,DBB
5128,EL
5129,PEG
5130,NUMG
5131,MLPR
5132,ADME
5133,AGRO
5134,DFCF
5135,AQN
5136,XYF
5137,FIVG
5138,FSS
5139,XLF
5140,NSL
5141,OOTO
5142,PWC
5143,DJAN
5144,CRYP
5145,ELLO
5146,ANSS
5147,EPD
5148,EFAX
5149,PEO
5150,POND
5151,KVLE
5152,OSK
5153,DRD
5154,JZRO
5155,KURE
5156,ALE
5157,CTAS
5158,HIGA
5159,VPG
5160,FFC
5161,NTPC.NS
5162,AEL
5163,MUJ
5164,IMFL
5165,SCHB
5166,AHYB
5167,IZRL
5168,SB
5169,WIPRO.NS
5170,RODI
5171,SPAX
5172,PHM
5173,EASG
5174,EKAR
5175,RGA
5176,WWJD
5177,AEE
5178,TY
5179,KEP
5180,FLQG
5181,STVN
5182,EWI
5183,EOI
5184,ACES
5185,IXJ
5186,GREK
5187,CKN
5188,MDU
5189,RWM
5190,TSN
5191,MGF
5192,IAE
5193,ENFR
5194,GSIG
5195,IDRV
5196,ARCH
5197,PNN
5198,RAYE
5199,PNW
5200,EXP
5201,BCIM
5202,EVA
5203,VEGA
5204,PBTP
5205,THQ
5206,GK
5207,ETG
5208,DBRG
5209,GTES
5210,SMWB
5211,PTBD
5212,TBJL
5213,DIAL
5214,HDIV
5215,TMBR
5216,CSCO
5217,MPLX
5218,BSAC
5219,NGVT
5220,MRGR
5221,PCT
5222,STR
5223,ESGN
5224,CLW
5225,NVST
5226,ELV
5227,BAK
5228,TTE
5229,RYAM
5230,LPG
5231,KGRN
5232,CODI
5233,ILCV
5234,ELP
5235,ISCV
5236,REMG
5237,HART
5238,JJE
5239,POCT
5240,DAC
5241,CTRU
5242,CCVI
5243,DGP
5244,LCW
5245,FEVR
5246,DAPR
5247,IDHD
5248,MFUS
5249,NAZ
5250,MGM
5251,UPH
5252,IOT
5253,GTLS
5254,IRNT
5255,GHYG
5256,DBO
5257,YINN
5258,TRU
5259,RELX
5260,EVX
5261,CEF
5262,ONG
5263,FOA
5264,UTES
5265,GSEW
5266,EUSB
5267,GOLD
5268,FFTI
5269,FLMB
5270,FOF
5271,BBDC
5272,PQDI
5273,MANU
5274,GVA
5275,QLTA
5276,EFIX
5277,LFT
5278,MSI
5279,GCV
5280,SINV
5281,E
5282,OKE
5283,BTA
5284,IBMM
5285,ARB
5286,GEL
5287,SNAP
5288,HBAN
5289,POLY
5290,RWJ
5291,ESGY
5292,IWO
5293,WFG
5294,PARA
5295,NUEM
5296,PJUN
5297,SCHV
5298,IWM
5299,NBH
5300,XCLR
5301,FSMB
5302,JNK
5303,BEP
5304,HGTY
5305,ZH
5306,IHAK
5307,ECAT
5308,TWLO
5309,XSHD
5310,WU
5311,UAUG
5312,SDOG
5313,AG
5314,NAVB
5315,FNDC
5316,ONL
5317,TSJA
5318,OMFS
5319,SAP
5320,MTNB
5321,CLH
5322,AUMN
5323,EIG
5324,RBAC
5325,UNVR
5326,DB
5327,RRH
5328,SLG
5329,WELL
5330,UAV
5331,HEP
5332,VSLU
5333,ENSV
5334,SRC
5335,ETV
5336,DMYS
5337,HTY
5338,GLD
5339,OXM
5340,UAL
5341,KWAC
5342,AFIF
5343,NWN
5344,MO
5345,TM
5346,UI
5347,ULVM
5348,NVQ
5349,STPZ
5350,VWO
5351,CTEK
5352,RYLD
5353,BBMC
5354,TRP
5355,HMN
5356,IBIO
5357,OCN
5358,HP
5359,JANZ
5360,HIE
5361,IXN
5362,STM
5363,DLY
5364,ILCG
5365,EWJ
5366,KTB
5367,UTF
5368,TRYP
5369,ST
5370,CMA
5371,DIS
5372,TTWO
5373,EDD
5374,AE
5375,IBHB
5376,PPG
5377,ARKX
5378,AML
5379,GDMA
5380,SOI
5381,GBDV
5382,UYG
5383,VNLA
5384,CCJ
5385,BITQ
5386,HLT
5387,L
5388,GAZ
5389,SNDR
5390,GCO
5391,CNYA
5392,AMBO
5393,WDIV
5394,NDJI
5395,QDIV
5396,FCPT
5397,HSIC
5398,FDM
5399,ESRT
5400,INTT
5401,BRZU
5402,LTH
5403,GNL
5404,RWK
5405,GGB
5406,FNI
5407,PCEF
5408,BDX
5409,CZOO
5410,TLGA
5411,ADIV
5412,PLAG
5413,MAB
5414,FLC
5415,HE
5416,NTRS
5417,FOMO
5418,EXTN
5419,VVI
5420,GD
5421,WMC
5422,SSPX
5423,IPAY
5424,TDVG
5425,UMAR
5426,DSU
5427,PFE
5428,VALE
5429,CMCSA
5430,WIA
5431,MDH
5432,DSAQ
5433,FXD
5434,GAA
5435,EPI
5436,ZSL
5437,GHLD
5438,XCCC
5439,RC
5440,SOJC
5441,XDQQ
5442,UNP
5443,NBCT
5444,EE
5445,DXF
5446,FLMX
5447,PSMO
5448,AGOV
5449,KNX
5450,JHMU
5451,CCF
5452,ETN
5453,PNM
5454,NID
5455,VTEX
5456,DYFN
5457,SCCC
5458,ASEA
5459,NFRA
5460,PHYS
5461,DFE
5462,PICC
5463,NEWP
5464,BRMK
5465,EMO
5466,BKLC
5467,SBS
5468,PAYX
5469,BNL
5470,AIEQ
5471,SPSM
5472,MDEV
5473,EGF
5474,UVXY
5475,MSCI
5476,CIVI
5477,AVDE
5478,MACC
5479,TUI
5480,HIMS
5481,FMQQ
5482,SYN
5483,NVT
5484,PBW
5485,YCS
5486,ATEN
5487,SWAR
5488,STWD
5489,BMI
5490,FNV
5491,NTG
5492,SUM
5493,XEMD
5494,JHI
5495,XL
5496,JHML
5497,FCSH
5498,KEX
5499,JIDA
5500,VBND
5501,IPDP
5502,AHOY
5503,CXAC
5504,CHRA
5505,TZA
5506,DTEC
5507,JJC
5508,XJR
5509,CPHI
5510,GDXD
5511,TYNE
5512,PWZ
5513,SHM
5514,ENLC
5515,INDUSINDBK.NS
5516,HAUS
5517,BDCX
5518,ATT
5519,VDE
5520,SIX
5521,SEE
5522,VUSB
5523,EUCG
5524,TCN
5525,GPN
5526,PTMC
5527,AME
5528,SDEF
5529,UBT
5530,BDC
5531,SPGP
5532,STON
5533,IGHG
5534,RJZ
5535,GEMD
5536,LMT
5537,LGL
5538,ROR
5539,SHYG
5540,TINY
5541,EVTL
5542,MFM
5543,GFOF
5544,SEIQ
5545,NBR
5546,KSM
5547,RDN
5548,TELL
5549,IPPP
5550,IDX
5551,AZBJ
5552,GOGN
5553,LUXE
5554,REZI
5555,EWM
5556,SYK
5557,ARW
5558,TTP
5559,HOG
5560,LYB
5561,VHI
5562,IVW
5563,MLPO
5564,MPW
5565,X
5566,CSP
5567,BFZ
5568,BFAC
5569,TCTL
5570,UAPR
5571,PBR
5572,IGR
5573,AJB
5574,SJR
5575,FIHD
5576,MCI
5577,USMV
5578,BPT
5579,NUDV
5580,NMR
5581,TMQ
5582,DLX
5583,PHG
5584,NBXG
5585,BWA
5586,WWE
5587,EAF
5588,IBND
5589,CUBS
5590,FXP
5591,PEX
5592,FLDR
5593,SMLE
5594,AKR
5595,HQH
5596,JHMB
5597,BBEU
5598,PED
5599,GSQB
5600,ETHO
5601,EQIX
5602,DIAX
5603,ECCC
5604,MFUL
5605,TNC
5606,CNK
5607,ASB
5608,AVUV
5609,ENIC
5610,LEVI
5611,IWML
5612,IIPR
5613,TRC
5614,GSQD
5615,NULV
5616,AMZN
5617,BKCI
5618,RYI
5619,RAAX
5620,GTIP
5621,QVCC
5622,IBML
5623,EVRG
5624,CTR
5625,FMCX
5626,MCY
5627,HRTG
5628,EXPE
5629,CNX
5630,QSPT
5631,HTUS
5632,FUTY
5633,AGCB
5634,FERG
5635,LLAP
5636,XME
5637,IAK
5638,SXQG
5639,NOBL
5640,BGSC
5641,NFYS
5642,BEPH
5643,PAY
5644,JCPB
5645,LND
5646,RCI
5647,DEC
5648,EDF
5649,RCL
5650,COALINDIA.NS
5651,TIPX
5652,RSW
5653,EFR
5654,SHO
5655,QGRO
5656,BRITANNIA.NS
5657,AJG
5658,ZEN
5659,ENX
5660,GSST
5661,SACH
5662,IIGD
5663,IVES
5664,GNE
5665,UWMC
5666,DJUL
5667,KKRS
5668,IYLD
5669,ATNM
5670,SMIG
5671,JPHY
5672,VNT
5673,BMEZ
5674,XYLG
5675,MGY
5676,ORAN
5677,EXD
5678,ERC
5679,KDRN
5680,SLF
5681,FLQS
5682,EIDO
5683,COA
5684,FNGG
5685,OIA
5686,GSLD
5687,GAM
5688,PGSS
5689,FOXA
5690,EPAM
5691,AMND
5692,RENN
5693,SMLF
5694,COPX
5695,MNTN
5696,OLN
5697,TMO
5698,VIOV
5699,DOOR
5700,VHC
5701,NBHC
5702,FPE
5703,ADCT
5704,AOM
5705,PGTI
5706,EPR
5707,EPP
5708,VIOG
5709,ECC
5710,LCG
5711,PHT
5712,RYAN
5713,SCO
5714,PALC
5715,NAPA
5716,BNED
5717,EWMC
5718,ARKW
5719,BKMC
5720,CDX
5721,XVV
5722,BAR
5723,CCU
5724,SMR
5725,NU
5726,PRMW
5727,SCHA
5728,GJS
5729,IBDX
5730,RHRX
5731,RXL
5732,UAMY
5733,NFG
5734,BGSX
5735,PBFX
5736,JFWD
5737,NIO
5738,LII
5739,AAA
5740,EMLC
5741,PAC
5742,STGF
5743,TVE
5744,NUBD
5745,MMS
5746,HAL
5747,PNC
5748,GLCN
5749,SYLD
5750,AROC
5751,TMUS
5752,CTRA
5753,EGY
5754,EQWL
5755,AFGC
5756,ORN
5757,DJP
5758,AWR
5759,HKND
5760,OIH
5761,IBP
