,count
PTLO,169
MITAW,1
DECAW,1
PHUNW,2
TYRA,195
ARTEW,1
OXLCO,219
ACACU,9
DNAY,256
PYXS,178
GLUE,252
MACAW,1
AGRIW,1
FGBIP,295
CSH,103
SQLLW,1
MILEW,1
BLEUR,1
DISAW,1
LZ,248
CBRG,118
NCACW,1
FWRG,183
HCDIZ,1
CPTNW,1
MCAGR,1
OEPWW,1
THAC,136
SOGU,277
IMPPP,138
BRIVW,1
IVEG,40
GLLIU,137
CORZW,1
SPCMU,79
IPVIW,1
AIMAU,41
PLAOU,73
SHQAW,1
GMBLP,150
EXAI,183
ENTF,132
GDNRW,1
DNAD,248
OXSQG,274
VORBW,1
DHCA,292
STRC,187
AFRIW,1
SWETW,1
SWAGU,228
SVNAU,158
DICE,195
TCRX,237
SNPO,229
PRVA,292
WHLRL,1
CRESW,1
CREC,114
RGTIW,1
ASCBU,36
DRAYU,247
APMIW,1
CLAQU,238
BNIX,164
VMCA,42
GSMGW,1
PFDRW,1
FSRX,297
DERM,153
SAMA,143
USCTW,1
SPBC,273
BLNG,192
ADVWW,1
EQRX,267
PRCT,195
GIPR,181
PEV,11
FEMA,15
NBSTW,1
CFSB,111
SCRM,80
DPCS,119
DNAB,248
BPACU,139
BCSAW,1
ACAXW,1
JAQCW,1
GDNRU,126
IPW,282
RAYS,197
SPC,191
RPID,238
VMGAU,143
GECCO,252
EDBL,34
LYLT,161
CLRCU,39
TBLA,248
ITAQW,1
TBSAW,1
APCXW,1
GDSTW,1
ADGI,222
FEXD,111
RNERU,181
IMTXW,1
CCAIU,208
BNGOW,1
VAXX,154
NOVVU,222
FTIIW,1
GLSPW,1
VRAR,247
SWSS,189
VTAQR,1
WWAC,129
AOGOU,124
GHIXU,112
ERAS,237
EFSCP,154
PONO,176
HNVR,30
LGTOW,1
AREBW,1
GMBLW,1
VHNAW,1
BRIVU,285
EZFL,195
LVOXU,240
REVEW,1
BWAQU,100
TOAC,118
TMCWW,196
LIVB,70
WAVSU,112
GIPRW,1
ROIVW,1
GFS,164
REVE,168
RAM,242
OXAC,183
RCLFW,1
SAMAU,178
NRDS,159
GVCIW,1
FNVTU,159
TZPSW,1
IVCPU,131
IMRX,227
DAOOU,137
BSKYU,292
AEHAW,1
CFLT,252
GDNR,111
FINW,148
OLIT,103
KLAQW,1
YOTAU,45
CLAQW,1
TWLVW,1
UPTD,196
IVCP,85
SWSSW,1
TASK,261
FTVIU,252
IGTAU,135
GTR,179
BCSAU,155
DAOO,112
AGILW,1
AFAC,118
PACXW,1
SCRMU,115
DWACU,202
HTZWW,1
SOUN,39
SAGAU,127
AACIU,217
TLGYW,1
SIERU,195
COLIW,1
BYTE,168
CFVIW,1
PNACU,27
THRX,179
DLCAW,1
MTBCO,97
RXST,227
VLAT,252
MBTCR,1
SMIH,223
ADTH,298
ZIVOW,1
CGTX,178
ADILW,1
HORIW,1
AFAQ,271
DIBS,262
ZVV,1
LFACW,1
AFARW,1
SERA,238
OXACW,1
MSSAW,1
TOIIW,1
GSAQW,1
DAVEW,1
TKLF,109
SAGA,92
CPAAW,1
SANBU,173
ARRW,294
SGHL,61
ROCLW,1
HIIIW,1
PBAXW,1
LVOXW,1
ODDS,51
JUGGU,256
LAAA,229
NLIT,212
SPRC,206
GGROW,1
TGVC,147
HPLT,142
MSACW,1
TGVCU,160
ICVX,228
INKT,173
AFAR,14
SWEB,37
OTECW,236
SABSW,1
AGBAR,1
KLTR,234
RWAY,169
NVX,98
WINVU,195
TMPMW,1
DUETU,107
IXAQ,142
TSVT,160
MCAAW,1
DATSW,217
ABSI,233
LAXXW,2
FLGC,283
CLAQ,224
IGICW,2
FSBD,48
UTAAU,140
GSEVW,1
ATAK,66
ALORU,148
JGGCW,1
TCBPW,1
SPTKW,1
UPTDU,238
ANGHW,1
RAMMU,277
SOPA,156
PEPL,135
NMMCW,1
JUGGW,1
DTRTU,203
SGIIW,1
PCCTU,164
GFAI,185
LEGAW,1
GENQ,53
PRE,237
RNERW,1
MSPRW,1
ARBKL,149
ACAH,292
GFGDR,1
GOODO,254
IGTAW,1
LGVCU,143
FRLA,124
ROCAR,122
ACBAW,1
BYTSW,1
VCXA,181
POWRW,1
XPAXW,1
UDMY,163
FOSLL,156
MPAC,264
CVRX,248
AHRN,94
PONOW,1
ATNFW,1
DHACU,159
SKYX,92
SATLW,1
ARIZR,1
IMPP,138
PABU,45
PTIX,293
LVACU,165
DHCNL,1
HHGCR,1
BCAN,17
CRZNW,1
MEAC,193
IMAQ,215
TUG,23
ROCGW,1
FHLTU,198
EMLD,93
SMFRW,1
GDST,48
BIOSU,139
VBOCU,115
DRAY,208
BHACW,1
CLOER,1
GMFIW,1
SNAXW,1
JWAC,115
FRW,286
SPK,224
PEGR,124
THACW,1
SDIG,170
PEPG,33
TWLV,291
LATGU,104
LDHA,281
RICOU,243
BWC,171
SSBK,218
KPLTW,1
XPDB,99
CCAI,168
GMFIU,121
RAIN,295
AEAEW,1
SAITW,1
CRTDW,1
GRPH,251
LIVBU,94
FMIVW,1
GPCO,222
DNUT,247
BPYPM,230
TILL,30
PPYA,77
BLNKW,1
TWCB,197
BLEU,114
KYCHW,1
BASE,233
VENAR,1
TBLAW,1
KROP,239
VACC,290
CEG,108
ARTLW,1
BIOTW,1
LCAAW,1
VSACW,1
HWELU,225
SOVO,189
STER,189
ZVZZT,1
HWEL,184
AHRNW,1
ATAKW,1
DRAYW,1
IINNW,239
PBAXU,180
BKES,133
GPCOU,253
AFACW,1
ENTXW,1
IPAX,150
CMAXW,1
ESSCW,1
INTEU,160
SMIHU,263
DNAC,248
HERA,294
VBNK,207
BNIXW,1
WKME,258
DTOCW,1
OGN,280
ONYXW,1
HROWL,285
SANBW,1
CLINU,83
LGVC,119
BYTS,284
SIER,157
QQJG,165
ENERR,1
SLCRW,1
HCVI,145
AIB,84
AIBBU,108
DHBCW,1
IVCBW,1
CLIN,45
SHCAW,124
RENT,165
FTCI,292
LMDXW,1
BRLIW,1
AEACW,1
AGGR,275
TCBC,234
PLMI,286
IPSC,256
OP,142
DALN,264
VERA,280
IBET,151
BTMDW,1
QQMG,164
EFTRW,1
FA,253
JANX,261
BLTE,38
GATE,147
GWII,210
CHEAU,39
KYCH,77
DTSTW,1
CURIW,1
MAPSW,1
LIBYU,159
GGMCW,1
APACW,1
NUBI,37
QSIAW,1
NNAVW,1
BRZE,150
WINVR,1
RFAC,45
ACLX,96
NTRB,183
XMTR,248
IBTL,206
TCBP,91
BRAC,84
EMBKW,1
FMET,44
THCP,198
FTAA,292
HORI,95
TBSA,263
PPHPU,218
CPAAU,220
CING,136
REVEU,205
INDIW,1
LGST,117
PPHPW,1
BLEUW,1
VELO,299
AOGOW,1
STGF,39
MRAI,165
MNBD,27
GLEE,186
SARK,156
ROCAU,140
STSSW,1
DWAC,184
SPKB,287
DPCSW,1
VLATW,1
MXCT,227
ALSA,107
CNTQW,1
CDAQU,173
HPLTU,184
TCBX,156
LITM,148
CINGW,2
SPKBW,1
DAOOW,1
SIERW,1
HTCR,92
SPRX,224
EVLVW,1
VERBW,1
OHPAW,1
PWPPW,1
LOTZW,1
IVCPW,1
CMCAW,1
CPARU,278
LION,135
UCRD,181
IXAQU,179
ENCP,114
OHAAU,165
GFGD,96
GHRS,251
ATAI,256
SCOBW,1
MSSAU,57
TPBAW,1
MEOAW,1
FOUNU,173
BRLT,189
LSPRU,127
SLVR,162
RMGCW,1
DPCSU,156
TPBAU,219
INKAW,1
JMACW,1
HCDIW,1
CSLMR,1
VCXAW,1
CENQW,1
GGGVU,247
BMAQW,1
ENTFW,1
HCNE,223
WALDW,277
JSPRW,1
QQQA,276
MIRO,252
AVHIU,173
KIIIW,1
APXI,101
ROSE,138
MCACU,30
RICOW,1
NUBIU,72
GRVI,252
IOACW,1
ORIA,240
REVBW,1
SGHLU,91
CUENW,1
OB,232
MEACU,229
FEXDR,1
AUROW,1
INAB,227
MTRY,147
GRNAW,1
EDBLW,1
MTRYU,183
CLOEU,235
PCCT,124
VCXAU,219
ARKOW,1
THCAW,1
APLD,49
TBCPW,1
RWOD,38
HEPS,247
HIII,298
ZTAQU,258
KACLU,132
ACAX,63
OCCIO,295
IOAC,118
BULD,33
VENAW,1
AMAO,287
KNBE,296
EMLDW,1
IXHL,79
NPAB,121
LFAC,112
BSCV,194
ASCBR,1
SNCRL,244
TPG,111
MKTWW,233
MCAEU,278
LITTU,261
OHAA,125
AUUDW,1
AVACU,180
LAAAU,261
GTPB,287
ARIZU,144
MCAFU,248
PRENW,1
TRONW,1
MEOAU,208
HLVX,38
ALSAW,1
FATP,139
BHAC,142
BZFDW,1
ADNWW,1
DKDCW,2
CSLMW,1
BTBDW,1
BYNOW,1
CCSI,184
CMPOW,1
TALS,285
AVTE,248
DH,195
FTAAW,1
BYNO,55
DWACW,1
RWODU,58
ATAKU,95
RFACR,1
CINC,115
GLOV,71
LBBBR,1
EVMT,41
LIBYW,124
IVCB,94
SANB,156
AUID,260
PGRWW,1
TARK,37
XFIN,130
KTTA,195
ASCAU,89
JEPQ,35
DNAA,248
NRSNW,1
NVCT,96
BNNRU,200
VSAC,125
GROMW,1
VBB,131
XPON,57
FOUN,138
TETEU,109
LIBY,124
CCTSW,1
GTACU,169
RFACU,63
GTLB,174
DDI,205
SZZL,95
PAVMZ,1
PLAOW,1
LGSTW,1
IQMD,124
SAEF,155
MEKA,185
VHNAU,146
VALN,287
GATEW,147
MTEK,98
PCXCW,1
GTPA,286
LSPR,91
ARTE,146
LIONW,1
BPAC,104
EKG,64
DRMAW,1
DKDCU,285
ITAQ,77
CMCAU,141
SLDP,278
VR,39
GTACW,1
ISAA,263
GAMB,232
FRLAW,124
FTPA,285
EDNCW,1
KSICW,1
LVLU,154
THACU,169
FHLTW,1
SQL,207
SNTG,243
ARGUW,1
EXFY,155
LFST,262
RICO,203
BJDX,155
FSBC,288
AOGO,91
METCL,239
XPAX,187
APPHW,1
IREN,150
TRKAW,1
ANEB,285
LCFYW,1
LGSTU,159
ITAQU,112
AIRS,163
PMGMW,1
DHBC,295
PFTAW,1
BSMV,169
VBOCW,1
BIOSW,1
HCIIW,1
NHICU,169
NXGLW,1
RCACW,1
SLHGP,140
NOVVR,1
CSLMU,111
CHEKZ,1
IOBT,158
BYNOU,93
AEHAU,195
DSACW,1
EVGRU,93
BWAQW,1
PRLHW,1
DRCTW,1
BEAT,154
SHCAU,159
DHCAW,1
BSKY,247
EMBK,154
OFSSH,164
AGRI,243
ARGU,152
DCRDW,1
FXCOR,1
WAVS,51
GSRMW,1
CFFE,287
AVAC,139
KACL,106
CRECU,148
STRN,156
NVAC,105
ENERU,169
BFRIW,1
CPAQW,1
NSTS,108
ALF,288
BWV,86
AVACW,1
DUETW,1
LBBBW,1
TOACW,1
GACQ,226
TMCI,295
CGABL,277
AHPAW,1
ROSEW,1
GWIIW,1
TMC,198
BMAQR,2
ESMV,154
SBIGW,1
CLRCW,1
HHGCW,1
ADALU,164
BTBD,153
CNTX,170
GLBL,293
RACY,56
PAFO,187
SSIC,96
HCNEW,1
DTRTW,1
LATGW,2
EVGR,55
MEOA,172
HCP,135
UPTDW,1
HUMAW,1
CSLM,76
LGTOU,147
FRLAU,160
JCSE,43
SURGW,1
MSDA,273
SMAPW,1
RWODR,1
SHUA,41
EDNC,157
GOBI,249
EPRE,272
DMAT,102
DCFCW,1
ARCK,128
SWAG,192
MYNA,153
FGMCW,1
CIIG,158
LITTW,1
GMVDW,1
BEEMW,1
MMMB,236
MURFW,1
HWELW,1
DTOC,287
CLAYW,1
NESRW,1
GHACW,1
MAQCU,288
BBIGV,26
SPCMW,1
AVCTW,1
SMFL,88
RELIW,1
BLEUU,144
MOBQW,1
CLINW,47
MAAQR,1
ROCL,116
IPVI,290
TOACU,159
CCAIW,1
NLITW,1
EVOJW,1
SEA,111
LGVCW,1
ICCM,208
QTEKW,1
PPHPR,1
CYA,200
GET,172
CYN,170
RVAC,170
CCTSU,163
ELYM,220
CLAQR,2
GDEVW,1
TLGY,104
LAXXU,147
ENERW,1
CENQU,217
ZTAQW,1
RACYW,1
CNTA,270
FXCO,114
MITA,214
STRNW,1
FGMCU,82
AACIW,1
VMCAW,1
HPLTW,1
MAAQW,1
CIIGW,1
MLAI,125
VMGA,119
OST,40
HCTI,175
LIONU,159
MONCW,1
FICVU,247
XRTX,189
SOPH,232
ATLCL,146
LAXXR,1
SZZLW,1
GEEX,104
JUGG,217
KYCHR,1
ZXZZT,1
RGTI,296
NUBIW,1
GLEEW,1
CLINR,47
IMGO,237
MODD,92
BIRD,160
GOEVW,1
IPAXW,1
VCKAW,1
IMBIL,185
GATEU,183
FEAM,70
PRSRW,1
WNDY,195
FRWAW,1
PFTA,187
SIDU,132
MCAF,227
DECAU,53
ZWRKW,1
CENQ,182
SBFMW,1
GREI,158
PAQCW,1
DKDCA,252
BRKH,100
OHAAW,1
BRACU,112
ALPA,189
CDZIP,248
SCAQW,2
AIP,165
PXSAW,1
MCAG,139
FGI,104
AHPAU,220
IXAQW,1
MDXH,159
MCAFR,1
TGVCW,147
KSCP,102
RHTX,160
IGNYW,1
GAMC,285
BSGAR,1
NHIC,123
MPRAU,159
PROCW,1
RWODW,1
SNRHW,1
GAINZ,213
RDBXW,1
XPDBW,1
APXIW,2
PAFOU,196
FOUNW,1
SKYAU,277
TIOAW,1
MDCP,181
TOP,16
LTRYW,1
MCAA,122
BRKHW,1
SWSSU,208
CTXRW,1
TIVC,154
MPACW,1
CHWAW,1
VEDU,26
SMAPU,171
BRACR,1
AVAH,292
FCNCO,115
GSRMR,47
WWACU,170
IBBQ,261
NVACW,1
PLAO,35
HHGC,154
GGPIW,1
ORIAU,282
HAIA,99
ELMSW,1
PIIIW,1
TWCBW,1
HYZNW,1
EMLDU,130
MEME,140
NOVVW,1
SCRMW,1
OXBRW,1
TMKRW,1
BIOS,101
MAAQ,110
RXRA,291
BKCH,239
OXUSW,1
MBTC,287
EUCRW,1
SGHT,238
TETEW,1
GACQW,1
BOCNW,1
ARBEW,1
WGRO,252
BBLGW,175
EBACW,1
ESACW,1
NYXH,292
MAQC,265
MCAER,1
NHICW,1
INTEW,1
AGBAW,1
XLO,168
ZINGW,1
IMMX,130
LGACW,1
FOXWW,1
EJFAW,1
ASTLW,1
SQFTW,1
IQMDU,158
AREB,95
PCXCU,180
SLGC,295
CNGL,106
BGXX,26
CRDO,102
BEATW,1
AEHA,157
DHACW,1
NYMTZ,149
ACQR,275
MAQCW,1
QRMI,208
PPHP,182
OTLY,276
BHACU,181
TEMP,136
GNACW,1
BWAQR,1
ARTEU,184
AVHIW,1
BREZR,1
WWACW,1
DAWN,271
LIAN,162
GIACW,2
GLSPT,284
OXACU,218
KRNLW,1
LSEAW,1
GHIX,64
AURC,290
HBANM,262
GLHA,278
ZJZZT,1
PSIL,198
DILAW,1
SAI,250
CELUW,1
TPBA,162
SLAMW,1
EDNCU,195
MSSA,17
JMAC,144
RLYB,228
UTAAW,1
DRCT,91
BREZW,1
RILYG,138
OKYO,26
DBGIW,1
HCNEU,261
MURF,61
BNOX,130
AEAEU,163
FIACW,1
BFRI,163
LGTO,125
MSPRZ,1
CBRGW,1
CADL,230
CNTQ,210
HILS,112
ARQQW,1
GLLIW,1
BRPMW,1
FSRDW,1
BWBBP,214
TRKA,298
DILAU,259
PUCKW,1
JOFFW,1
CTKB,232
KAIRW,1
EJH,280
AGGRW,1
VSACU,162
PCX,132
LVRA,280
SNTI,272
UMMA,115
TGAAU,135
ZWZZT,1
VLATU,288
CNOBP,217
ENTFU,171
VTYX,169
HCVIW,1
GREEL,174
HOUR,115
NXPLW,1
NVSAW,1
LJAQW,1
MCLDW,2
ARIZ,135
NVACR,1
BOCNU,139
SGHLW,1
LBBBU,74
HYDR,239
MURFU,97
PAYOW,1
SKYAW,1
GMFI,78
KAIIW,1
ZT,215
AKICW,1
RCAC,93
PAFOR,1
CLNNW,1
GGGVR,1
DSPC,276
RNXT,208
PCTTW,1
NPCE,296
PWUPW,1
ALFIW,1
SOLOW,1
CNGLU,142
ASCB,17
MVSTW,1
GIIXW,1
XBJA,123
GLHAW,1
FATBB,210
GFGF,130
HCWB,235
GGAAU,135
FTVI,213
HNNAZ,167
ALPAU,230
USWSW,1
ENCPW,1
BMAQU,171
INTE,126
LMAOW,1
NZUS,47
ACAB,74
ACAHW,1
FATBW,1
REVHW,1
VHNA,111
NCAC,134
ASTSW,1
IGTAR,1
DMAQ,140
GMVD,251
ROCGU,222
VBOC,80
CITEW,1
OHPA,294
LEGA,272
SSAAW,1
AACI,155
OLPX,184
BLFY,237
HNST,288
GTPAW,1
CFFSU,130
CMRAW,1
DUET,67
ARCKU,163
IGACW,1
ADALW,124
NZRO,113
XDNA,111
GAMCW,1
VPCBW,1
MSSAR,1
INTA,248
SVRE,14
GFGDW,1
PSAGW,1
BSJT,195
ISO,178
APTM,189
GIAC,150
TCBS,237
IQMDW,124
WALD,282
ALSAR,1
WTAI,139
HSCSW,2
LFLYW,1
ENCPU,144
MSDAW,1
CDAQW,1
GENQU,89
KACLR,1
ANZU,291
ACEVW,1
SSSSL,129
FFIEW,1
ALOR,111
JIB,201
NXGL,126
HLTH,188
OCAXW,1
MDGSW,1
GSRM,46
GGMC,271
GRNR,47
TGAA,99
TRMR,256
ARRWW,1
USCB,232
FTPAW,1
ZING,112
LCA,278
YJUN,258
IFBD,298
VLNS,134
ARCKW,1
SVREW,1
MOLN,258
CRZN,262
SEV,150
ADSEW,1
PTIXW,1
HORIU,135
BSKYW,1
KINZW,1
AFAQW,1
AERC,145
HTZ,247
OZKAP,163
TNYA,227
KACLW,2
SCMAW,1
GGGV,215
PEGRW,1
DTRT,166
MNDY,262
ARBK,189
HCARW,1
SLNHP,212
RVACU,222
MLAIU,160
ADOCR,1
AMAOW,1
FRBN,99
SCMAU,164
CLRMW,1
WAVC,175
BFIIW,1
ALORW,1
GECCM,181
ESSCR,1
FICV,200
STRCW,1
FRON,289
APTMU,229
GXIIW,1
AVDX,175
LFMDP,181
DILA,223
GOVXW,1
DISA,275
ARYE,241
CPAQ,55
SHUAU,79
KSI,278
PONOU,219
ACON,43
EACPW,1
ERESW,1
SCLEW,1
OLITU,156
BOCN,85
RNER,119
BPACW,2
FGMC,46
SAGAR,1
MEACW,1
CITEU,115
ONYXU,160
DAVE,294
IVDAW,1
PLMIW,1
MCAAU,158
EYESW,1
ACABW,1
GLBE,282
GHIXW,1
AVHI,150
CLOE,198
JGGCU,91
DFUV,36
ARHS,159
DALS,229
MCAE,252
UKOMW,1
CRXTW,1
GVCI,119
DUNEW,1
GFAIW,1
SLGCW,1
CPOP,248
SPKAR,230
FSRXW,1
NYMTL,248
FATPU,175
BHSEW,1
OLITW,1
APACU,237
USVT,200
BRIV,245
EVCM,247
LCFY,62
ZGEN,130
CHWAU,206
ASPAU,220
GBRGR,1
IMAQW,1
ITHXW,1
ELEV,251
CLRCR,1
ESAC,130
TIOA,262
IMAQU,228
DECA,12
THCPU,248
SGII,140
FRBNW,1
SRZNW,1
NRSN,135
TGAAW,1
UBND,181
TNON,40
DHHCW,1
MTEKW,1
VIEWW,1
IMPL,295
OMGA,227
IAS,248
RELY,189
COVAW,1
GIIX,294
DMAQR,1
CLBTW,1
ITQRW,1
PRLHU,131
GTXAP,270
TSIBW,1
EPHYW,1
TWCBU,237
BHFAM,154
ASCAR,1
FTVIW,1
TETCW,1
TCHI,99
BNIXR,1
GRCYW,2
RCRTW,1
EDTXW,1
KERNW,1
ATVC,272
ARGUU,190
ACAXU,99
RGC,237
MNTSW,1
GIWWW,1
PIK,154
REFI,136
PWUPU,86
GPCOR,1
FICVW,1
XFINW,1
SCAQ,289
RIVN,155
GLLI,125
FEMY,256
AMLX,115
FHLT,136
SVNA,124
TETC,275
GENQW,1
IINN,239
WEJOW,1
MPRA,122
SKYA,232
WGMI,94
ADERW,1
VERV,257
PFHC,28
SONDW,1
VMEO,275
SYTAW,1
LIVBW,1
VORB,275
KBNTW,1
LBBB,48
CPAR,238
HYMCZ,1
NVTS,170
AHRNU,131
BON,252
SLVRW,1
SOXQ,261
FWAC,274
PTOCW,1
NPABU,158
RILYZ,221
FSSIW,1
WKSPW,1
UTAA,104
VELOW,1
PFXNZ,151
GPCOW,2
CREXW,1
SZZLU,159
KYCHU,104
WTMAU,123
BNNRW,1
DBGI,280
PETVW,1
ACBA,272
GLLIR,1
SVNAW,1
ADAL,122
KTTAW,1
GPACW,1
CRBU,232
WAVE,247
BWACW,1
UROY,292
ASPA,202
BNNR,163
OTECU,270
TLGYU,141
MITAU,253
SOUNW,1
HSCS,5
IGTA,106
SHCA,122
XBOC,187
MQ,263
ACKIW,1
INVZW,1
CPAA,184
ASPAW,1
HLBZW,1
GACQU,263
LGHLW,1
SMIHW,1
NRACW,1
VMCAU,80
CIFRW,1
CBRGU,141
CHWA,187
VLCN,180
JAQCU,217
WINVW,1
OMIC,271
NAACW,1
OTMOW,1
SQFTP,263
GVCIU,156
ACONW,1
PTOC,286
GGAA,97
MTRYW,147
ACAXR,1
NUTX,56
SCMA,124
RVACW,1
SPKAU,264
GCMGW,1
USCTU,165
LBPSW,1
BWMN,285
NLITU,252
BWCAU,224
EVGRW,1
ATVCW,1
FDIG,44
FNVTW,1
DUOL,229
SLDPW,1
IMACW,1
NUVL,228
ZINGU,148
RCHGW,1
AURCW,1
FIVR,122
BCDAW,1
IVCAU,31
DAM,74
SMAP,151
RACYU,91
BRLIR,1
SWIM,295
SEAT,170
CITE,82
UNCY,241
IMAQR,1
ALSAU,133
IPAXU,190
WTMAR,1
FRSH,190
LAX,132
ROC,122
XELAP,64
TYDEV,25
APTMW,1
REVH,282
ATLCP,260
PPYAU,110
EBAC,278
TRDA,163
FGIWW,1
VIIAW,2
ETACW,1
CDAQ,138
DLO,267
OCCIN,138
HCVIU,185
HYMCW,1
IVCBU,131
RVPHW,1
AVES,188
FMIV,265
TALKW,1
HHGCU,191
FYBR,288
CNTQU,219
HOOD,228
MF,251
ARBGW,1
SGIIU,144
RCACU,129
ONYX,134
GGPI,278
VTAQW,1
USCT,124
BNRG,20
GEEXW,104
NVVEW,1
THCPW,1
OXUSU,202
MHUA,88
GIACU,176
CLAYU,235
WINV,184
HLAHW,1
GFGDU,134
DRMA,217
NBST,290
MAAQU,146
BMAQ,159
SLVRU,198
CISO,110
WAVSW,1
HOFVW,1
RANI,227
MLAIW,1
BROGW,1
LYEL,257
TKNO,251
AUVIP,239
HERAW,1
JWACR,1
TUGN,23
APXIU,137
HAIAU,134
AMPL,186
PEGRU,163
ESACU,170
AVPTW,1
MLACW,1
FINMW,1
RENEU,33
USBF,171
CYT,256
ZENV,233
ACQRW,1
FIACU,164
TETE,74
UTRS,168
VRMEW,1
CPARW,239
RFACW,2
BITS,151
QTR,208
BLTSW,1
QCLR,208
HTIBP,182
AFARU,49
ACT,194
ROCLU,141
GDSTU,68
AAMC,70
SHQA,209
VMGAW,1
CLRC,15
JGGC,56
ORIAW,1
NPABW,1
GSRMU,82
ZIMV,88
SKYT,297
PEPLW,1
PBBK,238
AIBBR,1
ROCG,202
ACGLN,267
BLNGU,232
AHPA,184
LVAC,126
BLZE,154
VPCB,287
CLAY,217
PPYAW,1
NDACW,1
APMIU,217
ASNS,28
RAMMW,1
BTF,168
LCAHW,1
ACXP,251
PSMJ,250
ALPAW,1
NOVV,183
AFACU,155
GLEEU,223
PFTAU,234
EQRXW,1
BRKHU,133
TBLD,229
ROSEU,174
AKAN,70
PEARW,1
ROLLP,190
BTMD,292
PACWP,12
SDACW,1
LYT,6
PYCR,234
EJFA,297
FRSGW,1
WTMA,104
NRXPW,1
ANZUW,1
CDROW,1
PWUP,51
XOSWW,1
JUPWW,1
GMBLZ,1
FXCOW,1
ARVR,45
FEXDW,1
CFFSW,2
GIWWU,277
STSS,48
FLYW,272
CMCA,104
SHACW,1
ISLEW,1
IEAWW,1
FTIIU,88
OXLCZ,110
LSPRW,1
DCRDU,219
HOWL,290
LDHAW,1
TWKS,195
SHUS,258
SHUAW,1
RGF,158
SAMAW,1
BSGA,229
POWWP,275
FIAC,125
CIIGU,195
GEEXU,140
ORGNW,1
ZY,296
TRONU,257
GBRGW,1
LATG,66
BLNGW,1
AMCI,188
LFACU,144
ASCBW,1
CLST,175
DHAC,120
BLDEW,1
GGAAW,1
ASAXW,1
HCMAU,106
APMI,180
LITT,218
CFFS,91
FRONW,1
XPAXU,227
GDSTR,1
BWAQ,68
DATS,217
AMCIW,1
CONXW,1
RXRAW,1
EWCZ,223
AURA,163
RVSNW,1
ASCA,67
FTII,52
CCTS,119
DRTSW,1
FRBNU,134
ADTHW,1
ABOS,247
FRSG,291
LUCD,174
XFINU,169
OTEC,234
ZVZZC,1
BCSA,120
PRLH,92
NTRBW,183
ASCAW,1
LVRAW,1
APAC,196
MYNZ,158
JZXN,278
CFFEW,1
ATCOL,277
DCRD,181
ACTDW,1
ALLR,127
FREEW,1
COMSW,1
VEEE,234
GTPBW,1
ALZN,259
COMSP,165
PCCTW,1
ANTX,62
XPDBU,134
CNGLW,1
CEADW,1
JMACU,178
GNTA,131
VWEWW,1
GXII,284
FNVT,135
SRAD,196
VIGL,115
FATPW,1
JAQC,183
AHI,148
SHQAU,248
BSGAU,262
GIW,241
COCO,169
METXW,1
EMBC,65
GTAC,124
ATAKR,1
PBAX,142
ISPC,257
THWWW,1
NCACU,170
ACTD,274
GLBLW,1
ACABU,110
PEPLU,173
ENER,140
TRON,219
IOACU,165
JCICW,1
LCAA,286
BBLG,175
AMCIU,224
LAAAW,232
FEXDU,171
SBFM,89
CPAQU,93
ASPCW,1
BWCAW,1
ARIZW,1
BCTXW,1
CRECW,1
RVSN,58
FLNC,164
HCMA,69
AEAE,133
NDAC,295
SPCM,42
DFEV,44
SWVLW,1
HAIAW,1
MCAGU,143
OXUS,180
LVACW,1
THRN,189
BZ,261
ADOCW,1
MPRAW,1
LEXXW,1
RNAZ,243
HCDIP,262
PAGE,3
SWAGW,1
HCMAW,1
AUR,284
STET,111
MIO,228
VVO,2
MVPS,240
IRRX,125
DFIV,203
ATEK,107
KDRN,133
DSAQ,159
MTAL,198
FZT,292
NBDS,59
BKUS,136
ODV,24
FBRT,177
ARIS,174
CRUZ,272
VSCO,240
SSFI,191
PVAL,278
EOPS,268
AAIN,242
ECCV,109
DBND,58
XDOC,189
AGIH,1
FMQQ,192
SMRT,215
NFNT,120
ACAQ,139
RUFF,179
SBND,194
INNO,146
EVE,102
NSCS,229
IAUM,253
NBXG,278
DIHP,69
MJUS,287
CTEX,190
AQNU,262
EMGD,119
ZIP,278
REMG,117
FLDZ,125
PSDN,156
AVRE,190
ROSS,295
ZVIA,239
CLSM,246
FCRX,276
NIWM,4
IDME,238
LAW,240
CRGY,142
CINT,161
KONG,239
PX,175
IBLC,46
XPOF,238
SATO,185
AUST,41
FDRV,185
SCRD,205
ATFV,294
ONL,152
OND,169
BWNB,135
NBCT,59
ICAP,128
DFUS,266
JXN,210
CGCP,89
SONX,169
KGHG,75
CDX,93
CNVY,264
NSPI,135
ADRT,99
NTKI,135
PSY,276
CLSA,246
HLGN,291
SINV,260
AHOY,18
FEUS,197
FEDL,199
FLAG,168
MMSC,180
UVDV,154
PFUT,278
DFAR,89
JATT,208
LETB,99
DC,61
STBL,236
TRFK,14
DFCF,157
MDEV,258
MSMR,156
SXQG,288
PHYT,135
RAT,241
TMFE,126
GXO,239
RITA,141
BYRE,30
PSFO,189
HOTL,117
XPND,264
GLDX,166
ESGB,255
RJAC,106
JIDA,236
FNA,179
RKTA,287
CUBS,263
SEIV,31
SVOL,287
JFWD,245
FFND,215
MRND,100
TCOA,106
ESM,296
BSTP,80
PSCQ,188
RIET,196
BKIS,133
IWIN,104
SUAC,118
ILDR,278
OILD,162
BRKY,21
MAYZ,295
WEIR,3
WDH,291
MINO,204
CVAR,131
APN,127
KAHC,291
WEIX,117
LONZ,16
PAY,278
DUHP,89
GLTA,212
SXUS,203
DMA,117
HMA,77
AXH,140
SCCE,79
ALCC,249
FPAG,135
DTOX,258
KCCA,187
MBOX,293
LQDB,281
XTR,207
QSPT,197
IPPP,82
SHPP,14
XHYC,93
GCIG,147
FPFD,263
MDV,97
PCOR,282
MCG,244
ORFN,31
RESI,117
TPLE,233
FEDM,197
CWAN,194
GBTG,23
XHYH,93
OG,291
BXSL,170
TUI,5
CLBR,250
QSWN,141
AVSE,65
JZRO,204
GDIV,28
S,254
RLTY,89
LOCC,158
VOTE,259
PLDR,278
DMYS,153
DFRA,137
GHTA,156
BRDG,243
XDEC,134
APCA,101
BLCO,39
XJUN,246
VSPY,241
EVNT,198
MSTQ,75
NTEST,1
ESIX,119
PUNK,108
TPHE,233
GPOR,284
GAPA,295
GABF,37
VCXB,83
VDNI,133
IBDW,257
SBII,296
BRD,116
IOT,137
FLTN,118
ZGN,134
SEMI,65
DFAS,266
FIG,32
BKCI,141
SELV,31
JUN,131
NMAI,153
JCPI,57
CXAC,87
EERN,236
XTJL,253
ECAT,192
BAD,132
CAPE,62
TPTA,264
AMBP,229
JUNZ,275
SHAP,101
HTFC,4
GOGN,139
PFIX,289
TOTR,191
SEIQ,30
UGIC,276
SEDA,129
EDR,298
MJXL,250
NGC,284
LEXI,252
ECCX,95
AVSC,117
RYAN,239
WINN,103
WNNR,82
MBNE,61
BHG,258
HAPY,89
JRNY,205
PSFJ,253
TMFM,139
MLNK,235
HYIN,292
DOUG,127
WDI,257
CRPT,197
PLTL,282
SIFI,200
DDL,255
GRZZ,135
LCW,149
TELZ,160
ESMT,195
IE,4
HOM,205
BALT,253
DSCF,198
WBEV,160
VTEX,240
WLTH,205
HSUN,196
BBUC,82
CGXU,89
GDOC,160
RSPY,215
FDHT,185
PAXS,108
CBL,167
AQGX,162
SCCF,35
PXUS,277
APXH,197
SCUA,106
LGF.B,6
SMI,204
YOU,254
CTRU,141
DJIA,89
SAGP,110
GVLU,15
DAT,190
INCH,6
AAQC,290
YUMY,146
FNGG,190
NETZ,103
HCOM,201
ROCI,69
DFNM,157
SILX,264
LTH,185
RMMZ,97
IOCT,189
PGRU,73
PINK,184
VLN,196
TSPA,272
LXI,207
PWSC,241
TOST,202
SEIM,37
AGGH,99
TMFX,132
MGLD,83
MOTE,191
SIXO,195
SCCD,138
UVIX,71
MMCA,139
WEL,121
FVIV,297
SLVM,201
JAVA,193
TPK,3
DO,71
DEIF,144
LQIG,41
FLYU,14
ITAN,261
QVMM,260
GSFP,250
TDCX,195
TRPL,242
SAT,48
DFIC,75
OAIE,15
HHH,182
UPAR,130
CMTG,172
GAST,129
ESUS,205
FGLD,7
RULE,171
QTJA,131
XHYE,99
XHYF,99
RTYD,125
UDI,21
INQQ,66
BLKC,191
ZETA,274
WLTG,149
FNTC,119
SUPL,65
TYNE,158
XHYD,99
GSQB,235
KOCG,251
PPI,133
PORT,112
NUDV,198
RISR,195
BUFT,176
FSST,269
COOK,240
DTC,176
FIGS,283
OWNS,242
KLNE,239
QDPL,242
NABL,248
MNTN,122
DFIP,163
GMET,166
RRH,176
HTAQ,133
MPAY,45
SMWB,294
AMAX,164
UAV,52
TIPD,65
EOCT,195
SXS,234
HYRM,104
QTJL,259
FCLD,191
TYA,198
CLSE,97
BSAQ,213
AXAC,74
NSPY,10
EICA,183
OILU,168
BFAC,108
HGTY,281
RHRX,168
BITQ,294
OCEN,181
SSPX,209
FSYD,99
TBUX,197
SPAX,264
HGER,104
FEEM,56
XEMD,8
IHS,186
ZHDG,256
IBHI,85
AOMR,269
CGGO,95
VERS,80
DOM,28
TENG,274
CTA,87
TRAQ,136
DEHP,52
XDJA,131
SFB,1
TINT,177
PTRB,148
MCW,263
DGIN,99
MOOD,36
YSEP,203
IRBA,111
TAGG,197
OSI,257
CNDA,180
PSYK,111
ICNC,145
IBHH,81
JIRE,18
CLNR,181
KIND,169
NDVG,235
FSLD,56
SUBS,176
BMAC,165
IDAT,272
JUSA,255
EE,61
JHPI,143
WDNA,279
EHAB,2
RIGZ,247
TINY,177
DFSD,163
AILV,152
WRND,106
XBJL,259
KEUA,193
AVSD,80
GROV,293
XBB,31
DYLD,261
HSV,1
SYII,16
TMFG,145
SMIG,220
EATV,134
MNM,142
BIPI,115
WE,181
VNAM,146
OPA,290
FLYD,14
FORG,206
LGV,296
NTSE,288
JOJO,249
BEPI,144
CORS,222
TRIS,150
IBHG,254
IPDP,88
DOZR,201
MSGR,147
MOHR,172
POND,254
EGGF,248
JBBB,124
KMPB,81
BNDD,203
HRT,175
TIPL,65
XB,31
GAW,4
TRIG,1
GNS,62
BKUI,183
WBAT,99
NE,275
ECCC,272
IWLG,13
RCFA,132
CLSC,252
RSEE,118
FHYS,141
PRBM,178
DTM,259
SAMT,116
PRM,168
XDJL,259
INST,245
GDE,80
CRYP,52
NFTZ,152
RAYD,142
TACK,76
FRNW,191
MBSC,145
MITQ,255
GCLN,104
RAYE,142
MEGI,177
ACRO,218
CKN,3
WEAV,166
DISV,75
NWLG,235
BTHM,142
DFSV,95
SG,161
BUFB,105
AVLV,201
ENJYW,1
VCLN,236
NTSI,287
MTVC,114
FOMO,285
JPRE,34
BNGE,108
BAMR,262
BECO,233
QVML,260
AHYB,161
FSIG,161
DFAX,209
QJUN,267
GAQ,81
VINE,144
NPFD,142
AGRH,7
JMEE,44
ESAB,72
USER,162
RHCB,76
RSKD,240
IFIN,124
QTOC,195
RSW,2
AVIV,196
NETC,126
ENFN,181
FDWM,269
NUGO,198
HFGO,167
XHYT,99
ONG,119
FCSH,141
PBUG,271
PACI,118
METV,260
GBUY,166
RSPE,162
LOPX,245
SVIX,71
DFEM,52
HWKZ,155
PFRL,20
IWG,291
DEC,2
ENJY,184
EVEN,119
TRTL,210
ELMS,261
PSTP,87
SHFT,246
MAKX,196
OOTO,274
BACA,161
USNZ,9
GFOF,110
EAFD,125
BOAT,236
GUSA,61
BYN,77
AILG,152
SSXU,6
CION,193
VZLA,118
TIME,113
DFIS,75
INAQ,178
BFIX,104
CNDB,136
DFAT,272
BCIM,200
KTEC,275
OACP,70
HAUS,92
ONON,207
CGGR,95
FMNY,293
HNRA,66
XCCC,31
BROS,207
CHRB,217
DPSI,46
XTOC,195
STRE,292
UBCB,142
WKP,3
WRAC,206
BUFQ,6
DOCS,264
AFTR,194
NDJI,141
BSEA,203
KNSW,81
IFED,206
BRCC,104
CURV,259
BTCR,176
OBND,198
XRMI,220
PSPC,249
AVSU,80
GLDB,290
SWAR,142
AKA,202
CGUS,95
CNM,245
BWY,2
WQGA,195
PSMO,194
PGSS,145
RERE,268
FLYA,169
HYBL,99
KCGI,194
BGSX,297
PSCJ,259
JHMB,224
GEMD,98
FMCX,54
VMAT,20
KGRO,191
FEIG,203
TGR,73
HEQT,173
WEED,57
RPHS,70
BIPH,284
BUFG,177
DTG,153
TCN,192
PRAY,106
GIA,171
IUSA,119
HYGI,2
DFAC,272
BIDS,202
PLRG,288
XBTF,163
KSET,52
EQUL,181
ELQD,166
OZ,184
UZF,284
NBCC,65
AMAM,268
CGDV,95
BLND,249
BITI,15
HFG,67
CDRE,171
ZECP,220
GDVD,70
CLOI,13
NU,147
CIAN,170
MJIN,192
SIXJ,131
BULZ,226
FEHY,203
KD,180
ACDI,132
STVN,249
WEBR,235
NFYS,154
SQSP,289
MFUL,171
BITO,182
SMR,92
INFA,177
YMM,265
IBDX,8
MTVR,176
GTEK,206
HEET,231
AHHX,164
GDMN,142
OALC,163
UKW,1
DOLE,239
XTJA,131
JPIE,173
GFOR,252
IWFG,13
GK,258
GUG,157
AEMB,259
HVAL,248
SIHY,206
CRIT,72
MUSI,259
RRAC,136
AGOX,296
JRE,265
RDMX,124
BERZ,226
SAVN,211
PGRO,284
AWYX,266
WRBY,197
GPAL,143
WKLY,295
EVEX,43
CPII,9
MGRD,244
EOCW,225
XHYI,99
LRND,106
QVMS,260
RONI,234
AGOV,245
FXLV,250
CXM,265
SPCZ,2
IRVH,3
IRHG,3
